cgmlst_ST,cgmlst_distance,cgmlst_found_loci,cgmlst_genome_match,cgmlst_matching_alleles,cgmlst_subspecies,fasta_filepath,genome,h1,h2,o_antigen,qc_messages,qc_status,serogroup,serovar,serovar_antigen,serovar_cgmlst
2241616896,0.12424242424242427,330,SRR1957955,289,enterica,/projects/AusGEM/Users/Max/Manuscripts/UoW_Salmonella_all/output/UoW_Salmonella/shovill/final_assemblies/ISLHD_2017_1_S76.fasta,ISLHD_2017_1_S76,"l,v","e,n,z15","6,7,14",INFO: Number of cgMLST330 loci found (n=330) | WARNING: Only matched 289 cgMLST330 loci. Min threshold for confident serovar prediction from cgMLST is 297.0,WARNING,C1,Potsdam,Bonn|Potsdam|Langeveld|Kenya|Neukoelln|Fann|Bullbay|Osnabrueck,Potsdam
4155467356,0.024242424242424288,330,SRR3322638,322,enterica,/projects/AusGEM/Users/Max/Manuscripts/UoW_Salmonella_all/output/UoW_Salmonella/shovill/final_assemblies/SIML_2017_14.fasta,SIML_2017_14,i,z6,"8,20",INFO: Number of cgMLST330 loci found (n=330),PASS,C2-C3,Kentucky,Kentucky,Kentucky
1563664486,0.033333333333333326,330,SRR3049386,319,enterica,/projects/AusGEM/Users/Max/Manuscripts/UoW_Salmonella_all/output/UoW_Salmonella/shovill/final_assemblies/W_1_H11.fasta,W_1_H11,"z4,z23",-,"1,9,12",INFO: Number of cgMLST330 loci found (n=330),PASS,D1,Wangata,Wangata|Ekotedo,Wangata
,1.0,23,2014-LET-0131,0,,/projects/AusGEM/Users/Max/Manuscripts/UoW_Salmonella_all/output/UoW_Salmonella/shovill/final_assemblies/Seagull_18_119_S25.fasta,Seagull_18_119_S25,-,-,-,FAIL: Large number of cgMLST330 loci missing (n=307 > 30) | FAIL: Wzx/Wzy genes missing. Cannot determine O-antigen group/serogroup. Cannot accurately predict serovar from antigen genes. | INFO: Number of cgMLST330 loci found (n=23) | WARNING: H1 antigen gene (fliC) missing. Cannot determine H1 antigen. Cannot accurately predict serovar from antigen genes. | WARNING: Only matched 0 cgMLST330 loci. Min threshold for confident serovar prediction from cgMLST is 297.0,FAIL,-,-:-:-,-:-:-,Senftenberg
357338652,0.009090909090909038,330,SRR1968263,327,enterica,/projects/AusGEM/Users/Max/Manuscripts/UoW_Salmonella_all/output/UoW_Salmonella/shovill/final_assemblies/ISLHD_2017_4_S118.fasta,ISLHD_2017_4_S118,"l,v","1,5","1,9,12",INFO: Number of cgMLST330 loci found (n=330),PASS,D1,Panama,Koessen|Mendoza|Houston|Panama|Victoria|Itami|Javiana|India,Panama
,1.0,234,2014-LET-0131,0,,/projects/AusGEM/Users/Max/Manuscripts/UoW_Salmonella_all/output/UoW_Salmonella/shovill/final_assemblies/Seagull_18_229_S54.fasta,Seagull_18_229_S54,-,-,-,FAIL: Large number of cgMLST330 loci missing (n=96 > 30) | FAIL: Wzx/Wzy genes missing. Cannot determine O-antigen group/serogroup. Cannot accurately predict serovar from antigen genes. | INFO: Number of cgMLST330 loci found (n=234) | WARNING: H1 antigen gene (fliC) missing. Cannot determine H1 antigen. Cannot accurately predict serovar from antigen genes. | WARNING: Only matched 0 cgMLST330 loci. Min threshold for confident serovar prediction from cgMLST is 297.0,FAIL,-,-:-:-,-:-:-,Senftenberg
2637644578,0.018181818181818188,330,SRR1257297,324,enterica,/projects/AusGEM/Users/Max/Manuscripts/UoW_Salmonella_all/output/UoW_Salmonella/shovill/final_assemblies/Seagull_18_89_S8.fasta,Seagull_18_89_S8,"e,h","1,6","3,{10}{15}{15,34}",INFO: Number of cgMLST330 loci found (n=330),PASS,E1,Anatum,Anatum|Hayindogo,Anatum
3488488415,0.036363636363636376,330,SRR1966667,318,enterica,/projects/AusGEM/Users/Max/Manuscripts/UoW_Salmonella_all/output/UoW_Salmonella/shovill/final_assemblies/Seagull_18_100_2_S17.fasta,Seagull_18_100_2_S17,i,-,"1,4,[5],12",INFO: Number of cgMLST330 loci found (n=330),PASS,B,"I 1,4,[5],12:i:-","I 1,4,[5],12:i:-",Typhimurium
3123716434,0.027272727272727226,330,SRR1805681,321,enterica,/projects/AusGEM/Users/Max/Manuscripts/UoW_Salmonella_all/output/UoW_Salmonella/shovill/final_assemblies/ISLHD_2019_01.fasta,ISLHD_2019_01,r,"1,5","6,7,14",INFO: Number of cgMLST330 loci found (n=330),PASS,C1,Infantis,Virchow|Infantis|Senegal,Infantis
,1.0,23,2014-LET-0131,0,,/projects/AusGEM/Users/Max/Manuscripts/UoW_Salmonella_all/output/UoW_Salmonella/shovill/final_assemblies/Seagull_18_242_S60.fasta,Seagull_18_242_S60,-,-,-,FAIL: Large number of cgMLST330 loci missing (n=307 > 30) | FAIL: Wzx/Wzy genes missing. Cannot determine O-antigen group/serogroup. Cannot accurately predict serovar from antigen genes. | INFO: Number of cgMLST330 loci found (n=23) | WARNING: H1 antigen gene (fliC) missing. Cannot determine H1 antigen. Cannot accurately predict serovar from antigen genes. | WARNING: Only matched 0 cgMLST330 loci. Min threshold for confident serovar prediction from cgMLST is 297.0,FAIL,-,-:-:-,-:-:-,Senftenberg
1635400912,0.024242424242424288,330,SRR5120982,322,enterica,/projects/AusGEM/Users/Max/Manuscripts/UoW_Salmonella_all/output/UoW_Salmonella/shovill/final_assemblies/Seagull_18_124_1_S26.fasta,Seagull_18_124_1_S26,"e,h","1,5","1,4,[5],12",INFO: Number of cgMLST330 loci found (n=330),PASS,B,Reading,Saintpaul|Reading,Reading
,1.0,3,2014-LET-0131,0,,/projects/AusGEM/Users/Max/Manuscripts/UoW_Salmonella_all/output/UoW_Salmonella/shovill/final_assemblies/Seagull_18_256_S69.fasta,Seagull_18_256_S69,-,-,-,FAIL: Large number of cgMLST330 loci missing (n=327 > 30) | FAIL: Wzx/Wzy genes missing. Cannot determine O-antigen group/serogroup. Cannot accurately predict serovar from antigen genes. | INFO: Number of cgMLST330 loci found (n=3) | WARNING: H1 antigen gene (fliC) missing. Cannot determine H1 antigen. Cannot accurately predict serovar from antigen genes. | WARNING: Input genome size (3974058 bp) not within expected range of 4000000-6000000 (bp) for Salmonella | WARNING: Only matched 0 cgMLST330 loci. Min threshold for confident serovar prediction from cgMLST is 297.0,FAIL,-,-:-:-,-:-:-,Senftenberg
,1.0,3,2014-LET-0131,0,,/projects/AusGEM/Users/Max/Manuscripts/UoW_Salmonella_all/output/UoW_Salmonella/shovill/final_assemblies/Seagull_18_213_S50.fasta,Seagull_18_213_S50,-,-,-,FAIL: Large number of cgMLST330 loci missing (n=327 > 30) | FAIL: Wzx/Wzy genes missing. Cannot determine O-antigen group/serogroup. Cannot accurately predict serovar from antigen genes. | INFO: Number of cgMLST330 loci found (n=3) | WARNING: H1 antigen gene (fliC) missing. Cannot determine H1 antigen. Cannot accurately predict serovar from antigen genes. | WARNING: Input genome size (3989885 bp) not within expected range of 4000000-6000000 (bp) for Salmonella | WARNING: Only matched 0 cgMLST330 loci. Min threshold for confident serovar prediction from cgMLST is 297.0,FAIL,-,-:-:-,-:-:-,Senftenberg
1456235891,0.033333333333333326,330,SRR1965714,319,enterica,/projects/AusGEM/Users/Max/Manuscripts/UoW_Salmonella_all/output/UoW_Salmonella/shovill/final_assemblies/W_1_F11.fasta,W_1_F11,"f,g,s",-,"1,4,[5],12",INFO: Number of cgMLST330 loci found (n=330),PASS,B,Agona,Derby|Agona|Essen|Budapest,Agona
2110517820,0.027272727272727226,330,SRR1646408,321,enterica,/projects/AusGEM/Users/Max/Manuscripts/UoW_Salmonella_all/output/UoW_Salmonella/shovill/final_assemblies/ISLHD_2019_19.fasta,ISLHD_2019_19,"l,v","e,n,z15","4,[5],12",INFO: Number of cgMLST330 loci found (n=330),PASS,B,Brandenburg,Kimuenza|Brandenburg|Blancmesnil|Kano|Vom|Reinickendorf,Brandenburg
,0.9939393939393939,233,SRR5216170,2,,/projects/AusGEM/Users/Max/Manuscripts/UoW_Salmonella_all/output/UoW_Salmonella/shovill/final_assemblies/Seagull_18_100_2_S18.fasta,Seagull_18_100_2_S18,-,-,-,FAIL: Large number of cgMLST330 loci missing (n=97 > 30) | FAIL: Wzx/Wzy genes missing. Cannot determine O-antigen group/serogroup. Cannot accurately predict serovar from antigen genes. | INFO: Number of cgMLST330 loci found (n=233) | WARNING: H1 antigen gene (fliC) missing. Cannot determine H1 antigen. Cannot accurately predict serovar from antigen genes. | WARNING: Only matched 2 cgMLST330 loci. Min threshold for confident serovar prediction from cgMLST is 297.0,FAIL,-,-:-:-,-:-:-,Enteritidis
,0.9939393939393939,233,SRR5216170,2,,/projects/AusGEM/Users/Max/Manuscripts/UoW_Salmonella_all/output/UoW_Salmonella/shovill/final_assemblies/Seagull_18_109_2_S19.fasta,Seagull_18_109_2_S19,-,-,-,FAIL: Large number of cgMLST330 loci missing (n=97 > 30) | FAIL: Wzx/Wzy genes missing. Cannot determine O-antigen group/serogroup. Cannot accurately predict serovar from antigen genes. | INFO: Number of cgMLST330 loci found (n=233) | WARNING: H1 antigen gene (fliC) missing. Cannot determine H1 antigen. Cannot accurately predict serovar from antigen genes. | WARNING: Only matched 2 cgMLST330 loci. Min threshold for confident serovar prediction from cgMLST is 297.0,FAIL,-,-:-:-,-:-:-,Enteritidis
4120592758,0.027272727272727226,330,SRR3476828,321,enterica,/projects/AusGEM/Users/Max/Manuscripts/UoW_Salmonella_all/output/UoW_Salmonella/shovill/final_assemblies/ISLHD_2017_9_S80.fasta,ISLHD_2017_9_S80,i,"1,2","1,4,[5],12",INFO: Number of cgMLST330 loci found (n=330),PASS,B,Typhimurium,Typhimurium|Lagos,Typhimurium
2926211405,0.021212121212121238,330,SRR1967165,323,enterica,/projects/AusGEM/Users/Max/Manuscripts/UoW_Salmonella_all/output/UoW_Salmonella/shovill/final_assemblies/W_1_B11.fasta,W_1_B11,a,"e,n,x","6,7,14",INFO: Number of cgMLST330 loci found (n=330),PASS,C1,Oslo,Oslo|Denver|Luciana,Oslo
1862772896,0.030303030303030276,330,SRR3049386,320,enterica,/projects/AusGEM/Users/Max/Manuscripts/UoW_Salmonella_all/output/UoW_Salmonella/shovill/final_assemblies/ISLHD_2018_12_S101.fasta,ISLHD_2018_12_S101,"z4,z23",-,"1,9,12",INFO: Number of cgMLST330 loci found (n=330),PASS,D1,Wangata,Wangata|Ekotedo,Wangata
3646694863,0.024242424242424288,330,SRR3322830,322,enterica,/projects/AusGEM/Users/Max/Manuscripts/UoW_Salmonella_all/output/UoW_Salmonella/shovill/final_assemblies/ISLHD_2019_29.fasta,ISLHD_2019_29,d,"1,2","1,4,[5],12,[27]",INFO: Number of cgMLST330 loci found (n=330),PASS,B,Stanley,Stanley|Eppendorf,Stanley
3098383165,0.024242424242424288,330,SRR1753830,322,enterica,/projects/AusGEM/Users/Max/Manuscripts/UoW_Salmonella_all/output/UoW_Salmonella/shovill/final_assemblies/SG19_233_Sal.fasta,SG19_233_Sal,"e,h","1,5","6,8",INFO: Number of cgMLST330 loci found (n=330),PASS,C2-C3,Kottbus,Newport|Bardo|Ferruch|Kottbus,Kottbus
,0.9303030303030303,253,SRR1958595,23,,/projects/AusGEM/Users/Max/Manuscripts/UoW_Salmonella_all/output/UoW_Salmonella/shovill/final_assemblies/Seagull_18_251_S66.fasta,Seagull_18_251_S66,-,-,-,FAIL: Large number of cgMLST330 loci missing (n=77 > 30) | FAIL: Wzx/Wzy genes missing. Cannot determine O-antigen group/serogroup. Cannot accurately predict serovar from antigen genes. | INFO: Number of cgMLST330 loci found (n=253) | WARNING: H1 antigen gene (fliC) missing. Cannot determine H1 antigen. Cannot accurately predict serovar from antigen genes. | WARNING: Only matched 23 cgMLST330 loci. Min threshold for confident serovar prediction from cgMLST is 297.0,FAIL,-,-:-:-,-:-:-,Enteritidis
,1.0,3,2014-LET-0131,0,,/projects/AusGEM/Users/Max/Manuscripts/UoW_Salmonella_all/output/UoW_Salmonella/shovill/final_assemblies/Seagull_18_234_S55.fasta,Seagull_18_234_S55,-,-,-,FAIL: Large number of cgMLST330 loci missing (n=327 > 30) | FAIL: Wzx/Wzy genes missing. Cannot determine O-antigen group/serogroup. Cannot accurately predict serovar from antigen genes. | INFO: Number of cgMLST330 loci found (n=3) | WARNING: H1 antigen gene (fliC) missing. Cannot determine H1 antigen. Cannot accurately predict serovar from antigen genes. | WARNING: Only matched 0 cgMLST330 loci. Min threshold for confident serovar prediction from cgMLST is 297.0,FAIL,-,-:-:-,-:-:-,Senftenberg
121226724,0.015151515151515138,330,SRR1967692,325,enterica,/projects/AusGEM/Users/Max/Manuscripts/UoW_Salmonella_all/output/UoW_Salmonella/shovill/final_assemblies/Seagull_18_132_2_S30.fasta,Seagull_18_132_2_S30,d,"1,7","1,4,12,27",INFO: Number of cgMLST330 loci found (n=330),PASS,B,Schwarzengrund,Schwarzengrund,Schwarzengrund
,1.0,61,2014-LET-0131,0,,/projects/AusGEM/Users/Max/Manuscripts/UoW_Salmonella_all/output/UoW_Salmonella/shovill/final_assemblies/Seagull_18_262_S113.fasta,Seagull_18_262_S113,-,-,-,FAIL: Large number of cgMLST330 loci missing (n=269 > 30) | FAIL: Wzx/Wzy genes missing. Cannot determine O-antigen group/serogroup. Cannot accurately predict serovar from antigen genes. | INFO: Number of cgMLST330 loci found (n=61) | WARNING: H1 antigen gene (fliC) missing. Cannot determine H1 antigen. Cannot accurately predict serovar from antigen genes. | WARNING: Only matched 0 cgMLST330 loci. Min threshold for confident serovar prediction from cgMLST is 297.0,FAIL,-,-:-:-,-:-:-,Senftenberg
4109176389,0.024242424242424288,330,SRR4098785,322,enterica,/projects/AusGEM/Users/Max/Manuscripts/UoW_Salmonella_all/output/UoW_Salmonella/shovill/final_assemblies/ISLHD_2017_3_S117.fasta,ISLHD_2017_3_S117,i,-,"1,4,[5],12",INFO: Number of cgMLST330 loci found (n=330),PASS,B,"I 1,4,[5],12:i:-","I 1,4,[5],12:i:-",Typhimurium
,0.9727272727272728,253,SRR1958595,9,,/projects/AusGEM/Users/Max/Manuscripts/UoW_Salmonella_all/output/UoW_Salmonella/shovill/final_assemblies/Seagull_18_259_S71.fasta,Seagull_18_259_S71,-,-,-,FAIL: Large number of cgMLST330 loci missing (n=77 > 30) | FAIL: Wzx/Wzy genes missing. Cannot determine O-antigen group/serogroup. Cannot accurately predict serovar from antigen genes. | INFO: Number of cgMLST330 loci found (n=253) | WARNING: H1 antigen gene (fliC) missing. Cannot determine H1 antigen. Cannot accurately predict serovar from antigen genes. | WARNING: Only matched 9 cgMLST330 loci. Min threshold for confident serovar prediction from cgMLST is 297.0,FAIL,-,-:-:-,-:-:-,Enteritidis
1418545541,0.027272727272727226,330,SRR1968117,321,enterica,/projects/AusGEM/Users/Max/Manuscripts/UoW_Salmonella_all/output/UoW_Salmonella/shovill/final_assemblies/ISLHD_2019_05.fasta,ISLHD_2019_05,r,"1,5","6,7,14",INFO: Number of cgMLST330 loci found (n=330),PASS,C1,Infantis,Virchow|Infantis|Senegal,Infantis
4232088896,0.009090909090909038,330,SRR1106205,327,enterica,/projects/AusGEM/Users/Max/Manuscripts/UoW_Salmonella_all/output/UoW_Salmonella/shovill/final_assemblies/ISLHD_2019_07.fasta,ISLHD_2019_07,"g,m,s",-,"6,7,14,[54]",INFO: Number of cgMLST330 loci found (n=330),PASS,C1,Montevideo,Montevideo|Othmarschen|Plumaugat,Montevideo
,1.0,23,2014-LET-0131,0,,/projects/AusGEM/Users/Max/Manuscripts/UoW_Salmonella_all/output/UoW_Salmonella/shovill/final_assemblies/Seagull_18_254_S112.fasta,Seagull_18_254_S112,-,-,-,FAIL: Large number of cgMLST330 loci missing (n=307 > 30) | FAIL: Wzx/Wzy genes missing. Cannot determine O-antigen group/serogroup. Cannot accurately predict serovar from antigen genes. | INFO: Number of cgMLST330 loci found (n=23) | WARNING: H1 antigen gene (fliC) missing. Cannot determine H1 antigen. Cannot accurately predict serovar from antigen genes. | WARNING: Only matched 0 cgMLST330 loci. Min threshold for confident serovar prediction from cgMLST is 297.0,FAIL,-,-:-:-,-:-:-,Senftenberg
,1.0,23,2014-LET-0131,0,,/projects/AusGEM/Users/Max/Manuscripts/UoW_Salmonella_all/output/UoW_Salmonella/shovill/final_assemblies/Seagull_18_49_S5.fasta,Seagull_18_49_S5,-,-,-,FAIL: Large number of cgMLST330 loci missing (n=307 > 30) | FAIL: Wzx/Wzy genes missing. Cannot determine O-antigen group/serogroup. Cannot accurately predict serovar from antigen genes. | INFO: Number of cgMLST330 loci found (n=23) | WARNING: H1 antigen gene (fliC) missing. Cannot determine H1 antigen. Cannot accurately predict serovar from antigen genes. | WARNING: Only matched 0 cgMLST330 loci. Min threshold for confident serovar prediction from cgMLST is 297.0,FAIL,-,-:-:-,-:-:-,Senftenberg
1104743800,0.027272727272727226,330,SRR3286894,321,enterica,/projects/AusGEM/Users/Max/Manuscripts/UoW_Salmonella_all/output/UoW_Salmonella/shovill/final_assemblies/SIML_2017_06.fasta,SIML_2017_06,i,"1,2","1,4,[5],12",INFO: Number of cgMLST330 loci found (n=330),PASS,B,Typhimurium,Typhimurium|Lagos,Typhimurium
,0.036363636363636376,329,ERR351254,318,enterica,/projects/AusGEM/Users/Max/Manuscripts/UoW_Salmonella_all/output/UoW_Salmonella/shovill/final_assemblies/ISLHD_2018_7_S96.fasta,ISLHD_2018_7_S96,i,"1,2","1,4,[5],12",INFO: Number of cgMLST330 loci found (n=329),PASS,B,Typhimurium,Typhimurium|Lagos,Typhimurium
,1.0,3,2014-LET-0131,0,,/projects/AusGEM/Users/Max/Manuscripts/UoW_Salmonella_all/output/UoW_Salmonella/shovill/final_assemblies/Seagull_18_160_S36.fasta,Seagull_18_160_S36,-,-,-,FAIL: Large number of cgMLST330 loci missing (n=327 > 30) | FAIL: Wzx/Wzy genes missing. Cannot determine O-antigen group/serogroup. Cannot accurately predict serovar from antigen genes. | INFO: Number of cgMLST330 loci found (n=3) | WARNING: H1 antigen gene (fliC) missing. Cannot determine H1 antigen. Cannot accurately predict serovar from antigen genes. | WARNING: Input genome size (3929427 bp) not within expected range of 4000000-6000000 (bp) for Salmonella | WARNING: Only matched 0 cgMLST330 loci. Min threshold for confident serovar prediction from cgMLST is 297.0,FAIL,-,-:-:-,-:-:-,Senftenberg
,1.0,3,2014-LET-0131,0,,/projects/AusGEM/Users/Max/Manuscripts/UoW_Salmonella_all/output/UoW_Salmonella/shovill/final_assemblies/Seagull_18_261_S73.fasta,Seagull_18_261_S73,-,-,-,FAIL: Large number of cgMLST330 loci missing (n=327 > 30) | FAIL: Wzx/Wzy genes missing. Cannot determine O-antigen group/serogroup. Cannot accurately predict serovar from antigen genes. | INFO: Number of cgMLST330 loci found (n=3) | WARNING: H1 antigen gene (fliC) missing. Cannot determine H1 antigen. Cannot accurately predict serovar from antigen genes. | WARNING: Only matched 0 cgMLST330 loci. Min threshold for confident serovar prediction from cgMLST is 297.0,FAIL,-,-:-:-,-:-:-,Senftenberg
,1.0,169,2014-LET-0131,0,,/projects/AusGEM/Users/Max/Manuscripts/UoW_Salmonella_all/output/UoW_Salmonella/shovill/final_assemblies/Seagull_18_265_S115.fasta,Seagull_18_265_S115,-,-,-,FAIL: Large number of cgMLST330 loci missing (n=161 > 30) | FAIL: Wzx/Wzy genes missing. Cannot determine O-antigen group/serogroup. Cannot accurately predict serovar from antigen genes. | INFO: Number of cgMLST330 loci found (n=169) | WARNING: H1 antigen gene (fliC) missing. Cannot determine H1 antigen. Cannot accurately predict serovar from antigen genes. | WARNING: Only matched 0 cgMLST330 loci. Min threshold for confident serovar prediction from cgMLST is 297.0,FAIL,-,-:-:-,-:-:-,Senftenberg
3365321952,0.021212121212121238,330,SRR3322731,323,enterica,/projects/AusGEM/Users/Max/Manuscripts/UoW_Salmonella_all/output/UoW_Salmonella/shovill/final_assemblies/SIML_2017_10.fasta,SIML_2017_10,d,-,"1,4,[5],12",INFO: Number of cgMLST330 loci found (n=330),PASS,B,"I 1,4,[5],12:d:-","I 1,4,[5],12:d:-",Stanley
1573225539,0.030303030303030276,330,SRR1753830,320,enterica,/projects/AusGEM/Users/Max/Manuscripts/UoW_Salmonella_all/output/UoW_Salmonella/shovill/final_assemblies/SG19_116.05_E.coli.fasta,SG19_116.05_E.coli,"e,h","1,5","6,8",INFO: Number of cgMLST330 loci found (n=330),PASS,C2-C3,Kottbus,Newport|Bardo|Ferruch|Kottbus,Kottbus
,0.039393939393939426,327,SRR2538034,317,enterica,/projects/AusGEM/Users/Max/Manuscripts/UoW_Salmonella_all/output/UoW_Salmonella/shovill/final_assemblies/ISLHD_2019_02.fasta,ISLHD_2019_02,i,"1,2","1,4,[5],12",INFO: Number of cgMLST330 loci found (n=327),PASS,B,Typhimurium,Typhimurium|Lagos,Typhimurium
,1.0,48,2014-LET-0131,0,,/projects/AusGEM/Users/Max/Manuscripts/UoW_Salmonella_all/output/UoW_Salmonella/shovill/final_assemblies/Seagull_18_196_S44.fasta,Seagull_18_196_S44,-,-,-,FAIL: Large number of cgMLST330 loci missing (n=282 > 30) | FAIL: Wzx/Wzy genes missing. Cannot determine O-antigen group/serogroup. Cannot accurately predict serovar from antigen genes. | INFO: Number of cgMLST330 loci found (n=48) | WARNING: H1 antigen gene (fliC) missing. Cannot determine H1 antigen. Cannot accurately predict serovar from antigen genes. | WARNING: Input genome size (7712887 bp) not within expected range of 4000000-6000000 (bp) for Salmonella | WARNING: Only matched 0 cgMLST330 loci. Min threshold for confident serovar prediction from cgMLST is 297.0,FAIL,-,-:-:-,-:-:-,Senftenberg
3248807858,0.024242424242424288,330,SRR3938672,322,enterica,/projects/AusGEM/Users/Max/Manuscripts/UoW_Salmonella_all/output/UoW_Salmonella/shovill/final_assemblies/ISLHD_2018_13_S102.fasta,ISLHD_2018_13_S102,z10,"e,n,z15","6,7,14",INFO: Number of cgMLST330 loci found (n=330),PASS,C1,Mbandaka,Djugu|Mbandaka|Telhashomer,Mbandaka
,1.0,3,2014-LET-0131,0,,/projects/AusGEM/Users/Max/Manuscripts/UoW_Salmonella_all/output/UoW_Salmonella/shovill/final_assemblies/Seagull_18_210_S49.fasta,Seagull_18_210_S49,-,-,-,FAIL: Large number of cgMLST330 loci missing (n=327 > 30) | FAIL: Wzx/Wzy genes missing. Cannot determine O-antigen group/serogroup. Cannot accurately predict serovar from antigen genes. | INFO: Number of cgMLST330 loci found (n=3) | WARNING: H1 antigen gene (fliC) missing. Cannot determine H1 antigen. Cannot accurately predict serovar from antigen genes. | WARNING: Input genome size (3914361 bp) not within expected range of 4000000-6000000 (bp) for Salmonella | WARNING: Only matched 0 cgMLST330 loci. Min threshold for confident serovar prediction from cgMLST is 297.0,FAIL,-,-:-:-,-:-:-,Senftenberg
,0.42121212121212126,300,2017-SEQ-1896,191,enterica,/projects/AusGEM/Users/Max/Manuscripts/UoW_Salmonella_all/output/UoW_Salmonella/shovill/final_assemblies/SIML_2017_20.fasta,SIML_2017_20,i,"1,2","1,4,[5],12",FAIL: Large number of cgMLST330 loci missing (n=30 > 30) | INFO: Number of cgMLST330 loci found (n=300) | WARNING: Input genome size (6105524 bp) not within expected range of 4000000-6000000 (bp) for Salmonella | WARNING: Only matched 191 cgMLST330 loci. Min threshold for confident serovar prediction from cgMLST is 297.0,FAIL,B,Typhimurium,Typhimurium|Lagos,Typhimurium
3287357169,0.027272727272727226,330,SRR1966769,321,enterica,/projects/AusGEM/Users/Max/Manuscripts/UoW_Salmonella_all/output/UoW_Salmonella/shovill/final_assemblies/ISLHD_2017_13_S84.fasta,ISLHD_2017_13_S84,c,"1,6","6,7",INFO: Number of cgMLST330 loci found (n=330),PASS,C1,Birkenhead,Birkenhead|Brindisi,Birkenhead
2172668370,0.027272727272727226,330,2016-SEQ-0346,321,enterica,/projects/AusGEM/Users/Max/Manuscripts/UoW_Salmonella_all/output/UoW_Salmonella/shovill/final_assemblies/ISLHD_2017_15_S86.fasta,ISLHD_2017_15_S86,"g,m",-,"1,9,12",INFO: Number of cgMLST330 loci found (n=330),PASS,D1,Enteritidis,Nitra|Gallinarum|Pullorum|Berta|Enteritidis|Blegdam|Gueuletapee|Naestved|Rostock|Hillingdon,Enteritidis
2558869119,0.033333333333333326,330,SRR2538034,319,enterica,/projects/AusGEM/Users/Max/Manuscripts/UoW_Salmonella_all/output/UoW_Salmonella/shovill/final_assemblies/SIML_2017_22.fasta,SIML_2017_22,i,"1,2","1,4,[5],12",INFO: Number of cgMLST330 loci found (n=330),PASS,B,Typhimurium,Typhimurium|Lagos,Typhimurium
,1.0,3,2014-LET-0131,0,,/projects/AusGEM/Users/Max/Manuscripts/UoW_Salmonella_all/output/UoW_Salmonella/shovill/final_assemblies/Seagull_18_263_S114.fasta,Seagull_18_263_S114,-,-,-,FAIL: Large number of cgMLST330 loci missing (n=327 > 30) | FAIL: Wzx/Wzy genes missing. Cannot determine O-antigen group/serogroup. Cannot accurately predict serovar from antigen genes. | INFO: Number of cgMLST330 loci found (n=3) | WARNING: H1 antigen gene (fliC) missing. Cannot determine H1 antigen. Cannot accurately predict serovar from antigen genes. | WARNING: Input genome size (3867655 bp) not within expected range of 4000000-6000000 (bp) for Salmonella | WARNING: Only matched 0 cgMLST330 loci. Min threshold for confident serovar prediction from cgMLST is 297.0,FAIL,-,-:-:-,-:-:-,Senftenberg
4232088896,0.009090909090909038,330,SRR1106205,327,enterica,/projects/AusGEM/Users/Max/Manuscripts/UoW_Salmonella_all/output/UoW_Salmonella/shovill/final_assemblies/SIML_2017_08.fasta,SIML_2017_08,"g,m,s",-,"6,7,14,[54]",INFO: Number of cgMLST330 loci found (n=330),PASS,C1,Montevideo,Montevideo|Othmarschen|Plumaugat,Montevideo
1185193596,0.021212121212121238,330,2018-SEQ-0300,323,enterica,/projects/AusGEM/Users/Max/Manuscripts/UoW_Salmonella_all/output/UoW_Salmonella/shovill/final_assemblies/SIML_2019_10.fasta,SIML_2019_10,"g,m",-,"1,9,12",INFO: Number of cgMLST330 loci found (n=330),PASS,D1,Enteritidis,Nitra|Gallinarum|Pullorum|Berta|Enteritidis|Blegdam|Gueuletapee|Naestved|Rostock|Hillingdon,Enteritidis
760674036,0.024242424242424288,330,2015-SEQ-0618,322,enterica,/projects/AusGEM/Users/Max/Manuscripts/UoW_Salmonella_all/output/UoW_Salmonella/shovill/final_assemblies/ISLHD_2017_16_S87.fasta,ISLHD_2017_16_S87,i,"1,2","1,4,[5],12",INFO: Number of cgMLST330 loci found (n=330),PASS,B,Typhimurium,Typhimurium|Lagos,Typhimurium
,0.9939393939393939,234,SRR5216170,2,,/projects/AusGEM/Users/Max/Manuscripts/UoW_Salmonella_all/output/UoW_Salmonella/shovill/final_assemblies/Seagull_18_227_S53.fasta,Seagull_18_227_S53,-,-,-,FAIL: Large number of cgMLST330 loci missing (n=96 > 30) | FAIL: Wzx/Wzy genes missing. Cannot determine O-antigen group/serogroup. Cannot accurately predict serovar from antigen genes. | INFO: Number of cgMLST330 loci found (n=234) | WARNING: H1 antigen gene (fliC) missing. Cannot determine H1 antigen. Cannot accurately predict serovar from antigen genes. | WARNING: Only matched 2 cgMLST330 loci. Min threshold for confident serovar prediction from cgMLST is 297.0,FAIL,-,-:-:-,-:-:-,Enteritidis
,1.0,171,2014-LET-0131,0,,/projects/AusGEM/Users/Max/Manuscripts/UoW_Salmonella_all/output/UoW_Salmonella/shovill/final_assemblies/Seagull_18_8_S1.fasta,Seagull_18_8_S1,-,-,-,FAIL: Large number of cgMLST330 loci missing (n=159 > 30) | FAIL: Wzx/Wzy genes missing. Cannot determine O-antigen group/serogroup. Cannot accurately predict serovar from antigen genes. | INFO: Number of cgMLST330 loci found (n=171) | WARNING: H1 antigen gene (fliC) missing. Cannot determine H1 antigen. Cannot accurately predict serovar from antigen genes. | WARNING: Only matched 0 cgMLST330 loci. Min threshold for confident serovar prediction from cgMLST is 297.0,FAIL,-,-:-:-,-:-:-,Senftenberg
3665645211,0.024242424242424288,330,2014-SEQ-1386,322,enterica,/projects/AusGEM/Users/Max/Manuscripts/UoW_Salmonella_all/output/UoW_Salmonella/shovill/final_assemblies/Seagull_18_190_2_S43.fasta,Seagull_18_190_2_S43,i,"1,2","1,4,[5],12",INFO: Number of cgMLST330 loci found (n=330),PASS,B,Typhimurium,Typhimurium|Lagos,Typhimurium
,1.0,3,2014-LET-0131,0,,/projects/AusGEM/Users/Max/Manuscripts/UoW_Salmonella_all/output/UoW_Salmonella/shovill/final_assemblies/Seagull_18_205_S108.fasta,Seagull_18_205_S108,-,-,-,FAIL: Large number of cgMLST330 loci missing (n=327 > 30) | FAIL: Wzx/Wzy genes missing. Cannot determine O-antigen group/serogroup. Cannot accurately predict serovar from antigen genes. | INFO: Number of cgMLST330 loci found (n=3) | WARNING: H1 antigen gene (fliC) missing. Cannot determine H1 antigen. Cannot accurately predict serovar from antigen genes. | WARNING: Input genome size (3902828 bp) not within expected range of 4000000-6000000 (bp) for Salmonella | WARNING: Only matched 0 cgMLST330 loci. Min threshold for confident serovar prediction from cgMLST is 297.0,FAIL,-,-:-:-,-:-:-,Senftenberg
,0.4181818181818182,208,SRR2538306,192,enterica,/projects/AusGEM/Users/Max/Manuscripts/UoW_Salmonella_all/output/UoW_Salmonella/shovill/final_assemblies/SIML_2017_12.fasta,SIML_2017_12,i,"1,2","1,4,[5],12",FAIL: Large number of cgMLST330 loci missing (n=122 > 30) | INFO: Number of cgMLST330 loci found (n=208) | WARNING: Input genome size (7475255 bp) not within expected range of 4000000-6000000 (bp) for Salmonella | WARNING: Only matched 192 cgMLST330 loci. Min threshold for confident serovar prediction from cgMLST is 297.0,FAIL,B,Typhimurium,Typhimurium|Lagos,Typhimurium
1862772896,0.030303030303030276,330,SRR3049386,320,enterica,/projects/AusGEM/Users/Max/Manuscripts/UoW_Salmonella_all/output/UoW_Salmonella/shovill/final_assemblies/ISLHD_2018_17_S106.fasta,ISLHD_2018_17_S106,"z4,z23",-,"1,9,12",INFO: Number of cgMLST330 loci found (n=330),PASS,D1,Wangata,Wangata|Ekotedo,Wangata
,1.0,23,2014-LET-0131,0,,/projects/AusGEM/Users/Max/Manuscripts/UoW_Salmonella_all/output/UoW_Salmonella/shovill/final_assemblies/Seagull_18_92_S11.fasta,Seagull_18_92_S11,-,-,-,FAIL: Large number of cgMLST330 loci missing (n=307 > 30) | FAIL: Wzx/Wzy genes missing. Cannot determine O-antigen group/serogroup. Cannot accurately predict serovar from antigen genes. | INFO: Number of cgMLST330 loci found (n=23) | WARNING: H1 antigen gene (fliC) missing. Cannot determine H1 antigen. Cannot accurately predict serovar from antigen genes. | WARNING: Only matched 0 cgMLST330 loci. Min threshold for confident serovar prediction from cgMLST is 297.0,FAIL,-,-:-:-,-:-:-,Senftenberg
4102580714,0.021212121212121238,330,2016-SEQ-0346,323,enterica,/projects/AusGEM/Users/Max/Manuscripts/UoW_Salmonella_all/output/UoW_Salmonella/shovill/final_assemblies/ISLHD_2018_4_S93.fasta,ISLHD_2018_4_S93,"g,m",-,"1,9,12",INFO: Number of cgMLST330 loci found (n=330),PASS,D1,Enteritidis,Nitra|Gallinarum|Pullorum|Berta|Enteritidis|Blegdam|Gueuletapee|Naestved|Rostock|Hillingdon,Enteritidis
3123716434,0.027272727272727226,330,SRR1805681,321,enterica,/projects/AusGEM/Users/Max/Manuscripts/UoW_Salmonella_all/output/UoW_Salmonella/shovill/final_assemblies/SIML_2017_02.fasta,SIML_2017_02,r,"1,5","6,7,14",INFO: Number of cgMLST330 loci found (n=330),PASS,C1,Infantis,Virchow|Infantis|Senegal,Infantis
3675621650,0.030303030303030276,330,ERR230466,320,enterica,/projects/AusGEM/Users/Max/Manuscripts/UoW_Salmonella_all/output/UoW_Salmonella/shovill/final_assemblies/ISLHD_2017_18_S89.fasta,ISLHD_2017_18_S89,i,"1,2","1,4,[5],12",INFO: Number of cgMLST330 loci found (n=330),PASS,B,Typhimurium,Typhimurium|Lagos,Typhimurium
674021603,0.039393939393939426,330,SRR3284831,317,enterica,/projects/AusGEM/Users/Max/Manuscripts/UoW_Salmonella_all/output/UoW_Salmonella/shovill/final_assemblies/Seagull_18_100_1_S16.fasta,Seagull_18_100_1_S16,i,-,"1,4,[5],12",INFO: Number of cgMLST330 loci found (n=330),PASS,B,"I 1,4,[5],12:i:-","I 1,4,[5],12:i:-",Typhimurium
36929772,0.018181818181818188,330,SRR1646203,324,enterica,/projects/AusGEM/Users/Max/Manuscripts/UoW_Salmonella_all/output/UoW_Salmonella/shovill/final_assemblies/SIML_2017_21.fasta,SIML_2017_21,z,"1,6","1,13,22",INFO: Number of cgMLST330 loci found (n=330),PASS,G,Poona,Poona|Farmsen,Poona
,0.9939393939393939,233,SRR5216170,2,,/projects/AusGEM/Users/Max/Manuscripts/UoW_Salmonella_all/output/UoW_Salmonella/shovill/final_assemblies/Seagull_18_138_1_S32.fasta,Seagull_18_138_1_S32,-,-,-,FAIL: Large number of cgMLST330 loci missing (n=97 > 30) | FAIL: Wzx/Wzy genes missing. Cannot determine O-antigen group/serogroup. Cannot accurately predict serovar from antigen genes. | INFO: Number of cgMLST330 loci found (n=233) | WARNING: H1 antigen gene (fliC) missing. Cannot determine H1 antigen. Cannot accurately predict serovar from antigen genes. | WARNING: Only matched 2 cgMLST330 loci. Min threshold for confident serovar prediction from cgMLST is 297.0,FAIL,-,-:-:-,-:-:-,Enteritidis
785047995,0.015151515151515138,330,2015-SEQ-0618,325,enterica,/projects/AusGEM/Users/Max/Manuscripts/UoW_Salmonella_all/output/UoW_Salmonella/shovill/final_assemblies/ISLHD_2018_10_S99.fasta,ISLHD_2018_10_S99,i,"1,2","1,4,[5],12",INFO: Number of cgMLST330 loci found (n=330),PASS,B,Typhimurium,Typhimurium|Lagos,Typhimurium
3123716434,0.027272727272727226,330,SRR1805681,321,enterica,/projects/AusGEM/Users/Max/Manuscripts/UoW_Salmonella_all/output/UoW_Salmonella/shovill/final_assemblies/ISLHD_2017_6_S119.fasta,ISLHD_2017_6_S119,r,"1,5","6,7,14",INFO: Number of cgMLST330 loci found (n=330),PASS,C1,Infantis,Virchow|Infantis|Senegal,Infantis
3357342513,0.027272727272727226,330,SRR3322702,321,enterica,/projects/AusGEM/Users/Max/Manuscripts/UoW_Salmonella_all/output/UoW_Salmonella/shovill/final_assemblies/ISLHD_2019_22.fasta,ISLHD_2019_22,"e,h","e,n,x","1,4,[5],12",INFO: Number of cgMLST330 loci found (n=330),PASS,B,Chester,Chester|Sandiego,Chester
,0.9939393939393939,219,SRR5216170,2,,/projects/AusGEM/Users/Max/Manuscripts/UoW_Salmonella_all/output/UoW_Salmonella/shovill/final_assemblies/Seagull_18_116_S20.fasta,Seagull_18_116_S20,-,-,-,FAIL: Large number of cgMLST330 loci missing (n=111 > 30) | FAIL: Wzx/Wzy genes missing. Cannot determine O-antigen group/serogroup. Cannot accurately predict serovar from antigen genes. | INFO: Number of cgMLST330 loci found (n=219) | WARNING: H1 antigen gene (fliC) missing. Cannot determine H1 antigen. Cannot accurately predict serovar from antigen genes. | WARNING: Input genome size (9551057 bp) not within expected range of 4000000-6000000 (bp) for Salmonella | WARNING: Only matched 2 cgMLST330 loci. Min threshold for confident serovar prediction from cgMLST is 297.0,FAIL,-,-:-:-,-:-:-,Enteritidis
3063015124,0.018181818181818188,330,SRR1257297,324,enterica,/projects/AusGEM/Users/Max/Manuscripts/UoW_Salmonella_all/output/UoW_Salmonella/shovill/final_assemblies/Seagull_18_154_S34.fasta,Seagull_18_154_S34,"e,h","1,6","3,{10}{15}{15,34}",INFO: Number of cgMLST330 loci found (n=330),PASS,E1,Anatum,Anatum|Hayindogo,Anatum
,1.0,3,2014-LET-0131,0,,/projects/AusGEM/Users/Max/Manuscripts/UoW_Salmonella_all/output/UoW_Salmonella/shovill/final_assemblies/Seagull_18_244_S61.fasta,Seagull_18_244_S61,-,-,-,FAIL: Large number of cgMLST330 loci missing (n=327 > 30) | FAIL: Wzx/Wzy genes missing. Cannot determine O-antigen group/serogroup. Cannot accurately predict serovar from antigen genes. | INFO: Number of cgMLST330 loci found (n=3) | WARNING: H1 antigen gene (fliC) missing. Cannot determine H1 antigen. Cannot accurately predict serovar from antigen genes. | WARNING: Only matched 0 cgMLST330 loci. Min threshold for confident serovar prediction from cgMLST is 297.0,FAIL,-,-:-:-,-:-:-,Senftenberg
3561956941,0.036363636363636376,330,17-8545,318,enterica,/projects/AusGEM/Users/Max/Manuscripts/UoW_Salmonella_all/output/UoW_Salmonella/shovill/final_assemblies/SIML_2019_02.fasta,SIML_2019_02,b,"1,2","1,4,[5],12",INFO: Number of cgMLST330 loci found (n=330),PASS,B,Paratyphi B var. Java,Paratyphi B|Paratyphi B var. Java|Limete,Paratyphi B var. Java
611414450,0.018181818181818188,330,2016-SEQ-0346,324,enterica,/projects/AusGEM/Users/Max/Manuscripts/UoW_Salmonella_all/output/UoW_Salmonella/shovill/final_assemblies/SIML_2019_09.fasta,SIML_2019_09,"g,m",-,"1,9,12",INFO: Number of cgMLST330 loci found (n=330),PASS,D1,Enteritidis,Nitra|Gallinarum|Pullorum|Berta|Enteritidis|Blegdam|Gueuletapee|Naestved|Rostock|Hillingdon,Enteritidis
475526882,0.039393939393939426,330,SRR3048904,317,enterica,/projects/AusGEM/Users/Max/Manuscripts/UoW_Salmonella_all/output/UoW_Salmonella/shovill/final_assemblies/ISLHD_2018_15_S104.fasta,ISLHD_2018_15_S104,i,"1,2","1,4,[5],12",INFO: Number of cgMLST330 loci found (n=330),PASS,B,Typhimurium,Typhimurium|Lagos,Typhimurium
,0.9848484848484849,233,SRR5216170,5,,/projects/AusGEM/Users/Max/Manuscripts/UoW_Salmonella_all/output/UoW_Salmonella/shovill/final_assemblies/Seagull_18_223_S110.fasta,Seagull_18_223_S110,-,-,-,FAIL: Large number of cgMLST330 loci missing (n=97 > 30) | FAIL: Wzx/Wzy genes missing. Cannot determine O-antigen group/serogroup. Cannot accurately predict serovar from antigen genes. | INFO: Number of cgMLST330 loci found (n=233) | WARNING: H1 antigen gene (fliC) missing. Cannot determine H1 antigen. Cannot accurately predict serovar from antigen genes. | WARNING: Only matched 5 cgMLST330 loci. Min threshold for confident serovar prediction from cgMLST is 297.0,FAIL,-,-:-:-,-:-:-,Enteritidis
,0.0757575757575758,315,SRR3476803,305,enterica,/projects/AusGEM/Users/Max/Manuscripts/UoW_Salmonella_all/output/UoW_Salmonella/shovill/final_assemblies/SIML_2017_17.fasta,SIML_2017_17,i,"1,2","1,4,[5],12",FAIL: Moderate number of cgMLST330 loci missing (n=15 > 10) | INFO: Number of cgMLST330 loci found (n=315),WARNING,B,Typhimurium,Typhimurium|Lagos,Typhimurium
858916014,0.018181818181818188,330,SRR1106482,324,enterica,/projects/AusGEM/Users/Max/Manuscripts/UoW_Salmonella_all/output/UoW_Salmonella/shovill/final_assemblies/SG19_284_Sal.fasta,SG19_284_Sal,r,"1,5","6,7,14",INFO: Number of cgMLST330 loci found (n=330),PASS,C1,Infantis,Virchow|Infantis|Senegal,Infantis
4125974183,0.033333333333333326,330,SRR1769382,319,enterica,/projects/AusGEM/Users/Max/Manuscripts/UoW_Salmonella_all/output/UoW_Salmonella/shovill/final_assemblies/SIML_2019_07.fasta,SIML_2019_07,"l,z28","1,5","1,9,12",INFO: Number of cgMLST330 loci found (n=330),PASS,D1,Javiana,Koessen|Mendoza|Houston|Panama|Victoria|Itami|Javiana,Javiana
3544252144,0.012121212121212088,330,2015-SEQ-0618,326,enterica,/projects/AusGEM/Users/Max/Manuscripts/UoW_Salmonella_all/output/UoW_Salmonella/shovill/final_assemblies/SIML_2019_05.fasta,SIML_2019_05,i,"1,2","1,4,[5],12",INFO: Number of cgMLST330 loci found (n=330),PASS,B,Typhimurium,Typhimurium|Lagos,Typhimurium
4018271942,0.021212121212121238,330,17-7531,323,enterica,/projects/AusGEM/Users/Max/Manuscripts/UoW_Salmonella_all/output/UoW_Salmonella/shovill/final_assemblies/SG19_292_Sal.fasta,SG19_292_Sal,"z4,z24",-,"8,20",INFO: Number of cgMLST330 loci found (n=330),PASS,C2-C3,Albany,Albany|Duesseldorf,Albany
1573225539,0.030303030303030276,330,SRR1753830,320,enterica,/projects/AusGEM/Users/Max/Manuscripts/UoW_Salmonella_all/output/UoW_Salmonella/shovill/final_assemblies/SG19_116_Sal.fasta,SG19_116_Sal,"e,h","1,5","6,8",INFO: Number of cgMLST330 loci found (n=330),PASS,C2-C3,Kottbus,Newport|Bardo|Ferruch|Kottbus,Kottbus
2673249022,0.027272727272727226,330,ERR230466,321,enterica,/projects/AusGEM/Users/Max/Manuscripts/UoW_Salmonella_all/output/UoW_Salmonella/shovill/final_assemblies/ISLHD_2018_11_S100.fasta,ISLHD_2018_11_S100,i,"1,2","1,4,[5],12",INFO: Number of cgMLST330 loci found (n=330),PASS,B,Typhimurium,Typhimurium|Lagos,Typhimurium
1609688600,0.027272727272727226,330,SRR1965714,321,enterica,/projects/AusGEM/Users/Max/Manuscripts/UoW_Salmonella_all/output/UoW_Salmonella/shovill/final_assemblies/ISLHD_2019_17.fasta,ISLHD_2019_17,"f,g,s",-,"1,4,[5],12",INFO: Number of cgMLST330 loci found (n=330),PASS,B,Agona,Derby|Agona|Essen|Budapest,Agona
1219286143,0.7333333333333334,330,SRR1969110,88,enterica,/projects/AusGEM/Users/Max/Manuscripts/UoW_Salmonella_all/output/UoW_Salmonella/shovill/final_assemblies/W_1_C11.fasta,W_1_C11,r,"1,6",38,INFO: Number of cgMLST330 loci found (n=330) | WARNING: Only matched 88 cgMLST330 loci. Min threshold for confident serovar prediction from cgMLST is 297.0,WARNING,P,Emmastad,Emmastad,Virchow
3040097629,0.036363636363636376,330,SRR3049386,318,enterica,/projects/AusGEM/Users/Max/Manuscripts/UoW_Salmonella_all/output/UoW_Salmonella/shovill/final_assemblies/ISLHD_2019_11.fasta,ISLHD_2019_11,"z4,z23",-,"1,9,12",INFO: Number of cgMLST330 loci found (n=330),PASS,D1,Wangata,Wangata|Ekotedo,Wangata
3477190177,0.018181818181818188,330,SRR1969718,324,enterica,/projects/AusGEM/Users/Max/Manuscripts/UoW_Salmonella_all/output/UoW_Salmonella/shovill/final_assemblies/SIML_2017_09.fasta,SIML_2017_09,d,-,"1,4,[5],12",INFO: Number of cgMLST330 loci found (n=330),PASS,B,"I 1,4,[5],12:d:-","I 1,4,[5],12:d:-",Stanley
2919381592,0.030303030303030276,330,SRR1966769,320,enterica,/projects/AusGEM/Users/Max/Manuscripts/UoW_Salmonella_all/output/UoW_Salmonella/shovill/final_assemblies/ISLHD_2019_18.fasta,ISLHD_2019_18,c,"1,6","6,7",INFO: Number of cgMLST330 loci found (n=330),PASS,C1,Birkenhead,Birkenhead|Brindisi,Birkenhead
1127840274,0.018181818181818188,330,SRR1966374,324,enterica,/projects/AusGEM/Users/Max/Manuscripts/UoW_Salmonella_all/output/UoW_Salmonella/shovill/final_assemblies/ISLHD_2019_27.fasta,ISLHD_2019_27,r,"1,2","6,7,14",INFO: Number of cgMLST330 loci found (n=330),PASS,C1,Virchow,Virchow|Infantis|Senegal,Virchow
3544252144,0.012121212121212088,330,2015-SEQ-0618,326,enterica,/projects/AusGEM/Users/Max/Manuscripts/UoW_Salmonella_all/output/UoW_Salmonella/shovill/final_assemblies/SG19_400_Sal.fasta,SG19_400_Sal,i,"1,2","1,4,[5],12",INFO: Number of cgMLST330 loci found (n=330),PASS,B,Typhimurium,Typhimurium|Lagos,Typhimurium
1693110346,0.021212121212121238,330,SRR3322731,323,enterica,/projects/AusGEM/Users/Max/Manuscripts/UoW_Salmonella_all/output/UoW_Salmonella/shovill/final_assemblies/ISLHD_2017_7_S78.fasta,ISLHD_2017_7_S78,d,"1,2","1,4,[5],12,[27]",INFO: Number of cgMLST330 loci found (n=330),PASS,B,Stanley,Stanley|Eppendorf,Stanley
,1.0,3,2014-LET-0131,0,,/projects/AusGEM/Users/Max/Manuscripts/UoW_Salmonella_all/output/UoW_Salmonella/shovill/final_assemblies/Seagull_18_245_S62.fasta,Seagull_18_245_S62,-,-,-,FAIL: Large number of cgMLST330 loci missing (n=327 > 30) | FAIL: Wzx/Wzy genes missing. Cannot determine O-antigen group/serogroup. Cannot accurately predict serovar from antigen genes. | INFO: Number of cgMLST330 loci found (n=3) | WARNING: H1 antigen gene (fliC) missing. Cannot determine H1 antigen. Cannot accurately predict serovar from antigen genes. | WARNING: Input genome size (3983721 bp) not within expected range of 4000000-6000000 (bp) for Salmonella | WARNING: Only matched 0 cgMLST330 loci. Min threshold for confident serovar prediction from cgMLST is 297.0,FAIL,-,-:-:-,-:-:-,Senftenberg
2533753955,0.030303030303030276,330,SRR1753830,320,enterica,/projects/AusGEM/Users/Max/Manuscripts/UoW_Salmonella_all/output/UoW_Salmonella/shovill/final_assemblies/SG19_334_Sal.fasta,SG19_334_Sal,"e,h","1,5","6,8",INFO: Number of cgMLST330 loci found (n=330),PASS,C2-C3,Kottbus,Newport|Bardo|Ferruch|Kottbus,Kottbus
,0.07878787878787874,328,ERR230421,304,enterica,/projects/AusGEM/Users/Max/Manuscripts/UoW_Salmonella_all/output/UoW_Salmonella/shovill/final_assemblies/Seagull_18_124_2_S27.fasta,Seagull_18_124_2_S27,"e,h","1,5","1,4,[5],12",INFO: Number of cgMLST330 loci found (n=328) | WARNING: Input genome size (9415869 bp) not within expected range of 4000000-6000000 (bp) for Salmonella,WARNING,B,Reading,Saintpaul|Reading,Reading
1063427550,0.036363636363636376,330,SRR3081689,318,enterica,/projects/AusGEM/Users/Max/Manuscripts/UoW_Salmonella_all/output/UoW_Salmonella/shovill/final_assemblies/SG19_171_Sal.fasta,SG19_171_Sal,i,"1,2","1,4,[5],12",INFO: Number of cgMLST330 loci found (n=330),PASS,B,Typhimurium,Typhimurium|Lagos,Typhimurium
2195566245,0.033333333333333326,330,SRR1967314,319,enterica,/projects/AusGEM/Users/Max/Manuscripts/UoW_Salmonella_all/output/UoW_Salmonella/shovill/final_assemblies/ISLHD_2019_12.fasta,ISLHD_2019_12,"f,g,s",-,"1,4,[5],12",INFO: Number of cgMLST330 loci found (n=330),PASS,B,Agona,Derby|Agona|Essen|Budapest,Agona
3326344473,0.015151515151515138,330,SRR1966374,325,enterica,/projects/AusGEM/Users/Max/Manuscripts/UoW_Salmonella_all/output/UoW_Salmonella/shovill/final_assemblies/ISLHD_2019_30.fasta,ISLHD_2019_30,r,"1,2","6,7,14",INFO: Number of cgMLST330 loci found (n=330),PASS,C1,Virchow,Virchow|Infantis|Senegal,Virchow
,0.051515151515151514,322,2018-SEQ-0702,313,enterica,/projects/AusGEM/Users/Max/Manuscripts/UoW_Salmonella_all/output/UoW_Salmonella/shovill/final_assemblies/SIML_2017_01.fasta,SIML_2017_01,"g,m",-,"1,9,12",INFO: Number of cgMLST330 loci found (n=322),PASS,D1,Enteritidis,Nitra|Gallinarum|Pullorum|Berta|Enteritidis|Blegdam|Gueuletapee|Naestved|Rostock|Hillingdon,Enteritidis
3715797542,0.021212121212121238,330,2014-SEQ-1386,323,enterica,/projects/AusGEM/Users/Max/Manuscripts/UoW_Salmonella_all/output/UoW_Salmonella/shovill/final_assemblies/Seagull_18_117_1_S21.fasta,Seagull_18_117_1_S21,i,"1,2","1,4,[5],12",INFO: Number of cgMLST330 loci found (n=330),PASS,B,Typhimurium,Typhimurium|Lagos,Typhimurium
3414863162,0.033333333333333326,330,2018-SEQ-0702,319,enterica,/projects/AusGEM/Users/Max/Manuscripts/UoW_Salmonella_all/output/UoW_Salmonella/shovill/final_assemblies/SIML_2017_16.fasta,SIML_2017_16,"g,m",-,"1,9,12",INFO: Number of cgMLST330 loci found (n=330),PASS,D1,Enteritidis,Nitra|Gallinarum|Pullorum|Berta|Enteritidis|Blegdam|Gueuletapee|Naestved|Rostock|Hillingdon,Enteritidis
2997889886,0.024242424242424288,330,17-9162,322,enterica,/projects/AusGEM/Users/Max/Manuscripts/UoW_Salmonella_all/output/UoW_Salmonella/shovill/final_assemblies/ISLHD_2018_2_S91.fasta,ISLHD_2018_2_S91,d,"1,2","1,4,[5],12,[27]",INFO: Number of cgMLST330 loci found (n=330),PASS,B,Stanley,Stanley|Eppendorf,Stanley
1219286143,0.7333333333333334,330,SRR1969110,88,enterica,/projects/AusGEM/Users/Max/Manuscripts/UoW_Salmonella_all/output/UoW_Salmonella/shovill/final_assemblies/W_1_E11.fasta,W_1_E11,r,"1,6",38,INFO: Number of cgMLST330 loci found (n=330) | WARNING: Only matched 88 cgMLST330 loci. Min threshold for confident serovar prediction from cgMLST is 297.0,WARNING,P,Emmastad,Emmastad,Virchow
3603535048,0.027272727272727226,330,SRR3712451,321,enterica,/projects/AusGEM/Users/Max/Manuscripts/UoW_Salmonella_all/output/UoW_Salmonella/shovill/final_assemblies/ISLHD_2018_5_S94.fasta,ISLHD_2018_5_S94,"l,v","e,n,z15","6,7,14",INFO: Number of cgMLST330 loci found (n=330),PASS,C1,Potsdam,Bonn|Potsdam|Langeveld|Kenya|Neukoelln|Fann|Bullbay|Osnabrueck,Potsdam
121226724,0.015151515151515138,330,SRR1967692,325,enterica,/projects/AusGEM/Users/Max/Manuscripts/UoW_Salmonella_all/output/UoW_Salmonella/shovill/final_assemblies/Seagull_18_132_1_S29.fasta,Seagull_18_132_1_S29,d,"1,7","1,4,12,27",INFO: Number of cgMLST330 loci found (n=330),PASS,B,Schwarzengrund,Schwarzengrund,Schwarzengrund
2120393930,0.009090909090909038,330,SRR1966374,327,enterica,/projects/AusGEM/Users/Max/Manuscripts/UoW_Salmonella_all/output/UoW_Salmonella/shovill/final_assemblies/SG19_084_Sal.fasta,SG19_084_Sal,r,"1,2","6,7,14",INFO: Number of cgMLST330 loci found (n=330),PASS,C1,Virchow,Virchow|Infantis|Senegal,Virchow
,1.0,3,2014-LET-0131,0,,/projects/AusGEM/Users/Max/Manuscripts/UoW_Salmonella_all/output/UoW_Salmonella/shovill/final_assemblies/Seagull_18_249_S65.fasta,Seagull_18_249_S65,-,-,-,FAIL: Large number of cgMLST330 loci missing (n=327 > 30) | FAIL: Wzx/Wzy genes missing. Cannot determine O-antigen group/serogroup. Cannot accurately predict serovar from antigen genes. | INFO: Number of cgMLST330 loci found (n=3) | WARNING: H1 antigen gene (fliC) missing. Cannot determine H1 antigen. Cannot accurately predict serovar from antigen genes. | WARNING: Only matched 0 cgMLST330 loci. Min threshold for confident serovar prediction from cgMLST is 297.0,FAIL,-,-:-:-,-:-:-,Senftenberg
2737610142,0.030303030303030276,330,SRR3606589,320,enterica,/projects/AusGEM/Users/Max/Manuscripts/UoW_Salmonella_all/output/UoW_Salmonella/shovill/final_assemblies/ISLHD_2019_09.fasta,ISLHD_2019_09,"f,g,s",-,"1,4,[5],12",INFO: Number of cgMLST330 loci found (n=330),PASS,B,Agona,Derby|Agona|Essen|Budapest,Agona
2824094961,0.018181818181818188,330,SRR3933145,324,enterica,/projects/AusGEM/Users/Max/Manuscripts/UoW_Salmonella_all/output/UoW_Salmonella/shovill/final_assemblies/Seagull_18_96_2_S15.fasta,Seagull_18_96_2_S15,"e,h","1,6","3,{10}{15}{15,34}",INFO: Number of cgMLST330 loci found (n=330),PASS,E1,Anatum,Anatum|Hayindogo,Anatum
1432559802,0.015151515151515138,330,2016-SEQ-0346,325,enterica,/projects/AusGEM/Users/Max/Manuscripts/UoW_Salmonella_all/output/UoW_Salmonella/shovill/final_assemblies/SIML_2017_15.fasta,SIML_2017_15,"g,m",-,"1,9,12",INFO: Number of cgMLST330 loci found (n=330),PASS,D1,Enteritidis,Nitra|Gallinarum|Pullorum|Berta|Enteritidis|Blegdam|Gueuletapee|Naestved|Rostock|Hillingdon,Enteritidis
2112873599,0.039393939393939426,330,SRR1966272,317,enterica,/projects/AusGEM/Users/Max/Manuscripts/UoW_Salmonella_all/output/UoW_Salmonella/shovill/final_assemblies/SIML_2019_06.fasta,SIML_2019_06,"e,h","1,2","6,8,20",INFO: Number of cgMLST330 loci found (n=330),PASS,C2-C3,Newport,Newport|Bardo|Ferruch|Kottbus,Newport
2919381592,0.030303030303030276,330,SRR1966769,320,enterica,/projects/AusGEM/Users/Max/Manuscripts/UoW_Salmonella_all/output/UoW_Salmonella/shovill/final_assemblies/ISLHD_2017_12_S83.fasta,ISLHD_2017_12_S83,c,"1,6","6,7",INFO: Number of cgMLST330 loci found (n=330),PASS,C1,Birkenhead,Birkenhead|Brindisi,Birkenhead
3665645211,0.024242424242424288,330,2014-SEQ-1386,322,enterica,/projects/AusGEM/Users/Max/Manuscripts/UoW_Salmonella_all/output/UoW_Salmonella/shovill/final_assemblies/Seagull_18_255_S68.fasta,Seagull_18_255_S68,i,"1,2","1,4,[5],12",INFO: Number of cgMLST330 loci found (n=330),PASS,B,Typhimurium,Typhimurium|Lagos,Typhimurium
825132789,0.018181818181818188,330,SRR5121490,324,enterica,/projects/AusGEM/Users/Max/Manuscripts/UoW_Salmonella_all/output/UoW_Salmonella/shovill/final_assemblies/SG19_269_Sal.fasta,SG19_269_Sal,"g,m,s",-,"6,7,14,[54]",INFO: Number of cgMLST330 loci found (n=330),PASS,C1,Montevideo,Montevideo|Othmarschen|Plumaugat,Montevideo
3665645211,0.024242424242424288,330,2014-SEQ-1386,322,enterica,/projects/AusGEM/Users/Max/Manuscripts/UoW_Salmonella_all/output/UoW_Salmonella/shovill/final_assemblies/Seagull_18_163_2_S38.fasta,Seagull_18_163_2_S38,i,"1,2","1,4,[5],12",INFO: Number of cgMLST330 loci found (n=330),PASS,B,Typhimurium,Typhimurium|Lagos,Typhimurium
,1.0,3,2014-LET-0131,0,,/projects/AusGEM/Users/Max/Manuscripts/UoW_Salmonella_all/output/UoW_Salmonella/shovill/final_assemblies/Seagull_18_246_S63.fasta,Seagull_18_246_S63,-,-,-,FAIL: Large number of cgMLST330 loci missing (n=327 > 30) | FAIL: Wzx/Wzy genes missing. Cannot determine O-antigen group/serogroup. Cannot accurately predict serovar from antigen genes. | INFO: Number of cgMLST330 loci found (n=3) | WARNING: H1 antigen gene (fliC) missing. Cannot determine H1 antigen. Cannot accurately predict serovar from antigen genes. | WARNING: Input genome size (3951476 bp) not within expected range of 4000000-6000000 (bp) for Salmonella | WARNING: Only matched 0 cgMLST330 loci. Min threshold for confident serovar prediction from cgMLST is 297.0,FAIL,-,-:-:-,-:-:-,Senftenberg
1064758895,0.015151515151515138,330,SRR1966374,325,enterica,/projects/AusGEM/Users/Max/Manuscripts/UoW_Salmonella_all/output/UoW_Salmonella/shovill/final_assemblies/SIML_2019_14.fasta,SIML_2019_14,r,"1,2","6,7,14",INFO: Number of cgMLST330 loci found (n=330),PASS,C1,Virchow,Virchow|Infantis|Senegal,Virchow
3665645211,0.024242424242424288,330,2014-SEQ-1386,322,enterica,/projects/AusGEM/Users/Max/Manuscripts/UoW_Salmonella_all/output/UoW_Salmonella/shovill/final_assemblies/Seagull_18_240_2_S59.fasta,Seagull_18_240_2_S59,i,"1,2","1,4,[5],12",INFO: Number of cgMLST330 loci found (n=330),PASS,B,Typhimurium,Typhimurium|Lagos,Typhimurium
1032941127,0.021212121212121238,330,2016-BUR-0042,323,enterica,/projects/AusGEM/Users/Max/Manuscripts/UoW_Salmonella_all/output/UoW_Salmonella/shovill/final_assemblies/ISLHD_2018_6_S95.fasta,ISLHD_2018_6_S95,"l,v","1,6","3,{10}{15}",INFO: Number of cgMLST330 loci found (n=330),PASS,E1,London,London|Winterthur,London
2120393930,0.009090909090909038,330,SRR1966374,327,enterica,/projects/AusGEM/Users/Max/Manuscripts/UoW_Salmonella_all/output/UoW_Salmonella/shovill/final_assemblies/SG19_288_Sal.fasta,SG19_288_Sal,r,"1,2","6,7,14",INFO: Number of cgMLST330 loci found (n=330),PASS,C1,Virchow,Virchow|Infantis|Senegal,Virchow
2725105102,0.018181818181818188,330,2015-SEQ-0618,324,enterica,/projects/AusGEM/Users/Max/Manuscripts/UoW_Salmonella_all/output/UoW_Salmonella/shovill/final_assemblies/ISLHD_2019_21.fasta,ISLHD_2019_21,i,"1,2","1,4,[5],12",INFO: Number of cgMLST330 loci found (n=330),PASS,B,Typhimurium,Typhimurium|Lagos,Typhimurium
,0.9878787878787879,233,SRR5216170,4,,/projects/AusGEM/Users/Max/Manuscripts/UoW_Salmonella_all/output/UoW_Salmonella/shovill/final_assemblies/Seagull_18_42_S4.fasta,Seagull_18_42_S4,-,-,-,FAIL: Large number of cgMLST330 loci missing (n=97 > 30) | FAIL: Wzx/Wzy genes missing. Cannot determine O-antigen group/serogroup. Cannot accurately predict serovar from antigen genes. | INFO: Number of cgMLST330 loci found (n=233) | WARNING: H1 antigen gene (fliC) missing. Cannot determine H1 antigen. Cannot accurately predict serovar from antigen genes. | WARNING: Only matched 4 cgMLST330 loci. Min threshold for confident serovar prediction from cgMLST is 297.0,FAIL,-,-:-:-,-:-:-,Enteritidis
3054886884,0.021212121212121238,330,SRR3294513,323,enterica,/projects/AusGEM/Users/Max/Manuscripts/UoW_Salmonella_all/output/UoW_Salmonella/shovill/final_assemblies/ISLHD_2017_14_S85.fasta,ISLHD_2017_14_S85,b,"1,2","1,4,[5],12",INFO: Number of cgMLST330 loci found (n=330),PASS,B,Paratyphi B var. Java,Paratyphi B|Paratyphi B var. Java|Limete,Paratyphi B var. Java
2616885242,0.021212121212121238,330,SRR2751906,323,enterica,/projects/AusGEM/Users/Max/Manuscripts/UoW_Salmonella_all/output/UoW_Salmonella/shovill/final_assemblies/ISLHD_2019_25.fasta,ISLHD_2019_25,y,"1,5","6,7,14",INFO: Number of cgMLST330 loci found (n=330),PASS,C1,Bareilly,Richmond|Bareilly|Solt,Bareilly
589495289,0.045454545454545414,330,SRR1967384,315,enterica,/projects/AusGEM/Users/Max/Manuscripts/UoW_Salmonella_all/output/UoW_Salmonella/shovill/final_assemblies/ISLHD_2018_8_S97.fasta,ISLHD_2018_8_S97,"e,h","1,2","1,4,[5],12",INFO: Number of cgMLST330 loci found (n=330),PASS,B,Saintpaul,Saintpaul|Reading,Saintpaul
,1.0,47,2014-LET-0131,0,,/projects/AusGEM/Users/Max/Manuscripts/UoW_Salmonella_all/output/UoW_Salmonella/shovill/final_assemblies/Seagull_18_202_1_S45.fasta,Seagull_18_202_1_S45,-,-,-,FAIL: Large number of cgMLST330 loci missing (n=283 > 30) | FAIL: Wzx/Wzy genes missing. Cannot determine O-antigen group/serogroup. Cannot accurately predict serovar from antigen genes. | INFO: Number of cgMLST330 loci found (n=47) | WARNING: H1 antigen gene (fliC) missing. Cannot determine H1 antigen. Cannot accurately predict serovar from antigen genes. | WARNING: Only matched 0 cgMLST330 loci. Min threshold for confident serovar prediction from cgMLST is 297.0,FAIL,-,-:-:-,-:-:-,Senftenberg
,1.0,12,2014-LET-0131,0,,/projects/AusGEM/Users/Max/Manuscripts/UoW_Salmonella_all/output/UoW_Salmonella/shovill/final_assemblies/Seagull_18_40_S3.fasta,Seagull_18_40_S3,-,-,-,FAIL: Large number of cgMLST330 loci missing (n=318 > 30) | FAIL: Wzx/Wzy genes missing. Cannot determine O-antigen group/serogroup. Cannot accurately predict serovar from antigen genes. | INFO: Number of cgMLST330 loci found (n=12) | WARNING: H1 antigen gene (fliC) missing. Cannot determine H1 antigen. Cannot accurately predict serovar from antigen genes. | WARNING: Only matched 0 cgMLST330 loci. Min threshold for confident serovar prediction from cgMLST is 297.0,FAIL,-,-:-:-,-:-:-,Senftenberg
1875490680,0.021212121212121238,330,2014-SEQ-1386,323,enterica,/projects/AusGEM/Users/Max/Manuscripts/UoW_Salmonella_all/output/UoW_Salmonella/shovill/final_assemblies/Seagull_18_90_2_S10.fasta,Seagull_18_90_2_S10,i,"1,2","1,4,[5],12",INFO: Number of cgMLST330 loci found (n=330),PASS,B,Typhimurium,Typhimurium|Lagos,Typhimurium
2711118539,0.033333333333333326,330,SRR1966769,319,enterica,/projects/AusGEM/Users/Max/Manuscripts/UoW_Salmonella_all/output/UoW_Salmonella/shovill/final_assemblies/ISLHD_2019_03.fasta,ISLHD_2019_03,c,"1,6","6,7",INFO: Number of cgMLST330 loci found (n=330),PASS,C1,Birkenhead,Birkenhead|Brindisi,Birkenhead
,1.0,47,2014-LET-0131,0,,/projects/AusGEM/Users/Max/Manuscripts/UoW_Salmonella_all/output/UoW_Salmonella/shovill/final_assemblies/Seagull_18_202_2_S46.fasta,Seagull_18_202_2_S46,-,-,-,FAIL: Large number of cgMLST330 loci missing (n=283 > 30) | FAIL: Wzx/Wzy genes missing. Cannot determine O-antigen group/serogroup. Cannot accurately predict serovar from antigen genes. | INFO: Number of cgMLST330 loci found (n=47) | WARNING: H1 antigen gene (fliC) missing. Cannot determine H1 antigen. Cannot accurately predict serovar from antigen genes. | WARNING: Only matched 0 cgMLST330 loci. Min threshold for confident serovar prediction from cgMLST is 297.0,FAIL,-,-:-:-,-:-:-,Senftenberg
854221084,0.027272727272727226,330,SRR3476829,321,enterica,/projects/AusGEM/Users/Max/Manuscripts/UoW_Salmonella_all/output/UoW_Salmonella/shovill/final_assemblies/ISLHD_2018_9_S98.fasta,ISLHD_2018_9_S98,i,"1,2","1,4,[5],12",INFO: Number of cgMLST330 loci found (n=330),PASS,B,Typhimurium,Typhimurium|Lagos,Typhimurium
1805645381,0.033333333333333326,330,SRR926600,319,enterica,/projects/AusGEM/Users/Max/Manuscripts/UoW_Salmonella_all/output/UoW_Salmonella/shovill/final_assemblies/ISLHD_2019_15.fasta,ISLHD_2019_15,i,"1,2","1,4,[5],12",INFO: Number of cgMLST330 loci found (n=330),PASS,B,Typhimurium,Typhimurium|Lagos,Typhimurium
,0.030303030303030276,329,SRR3476812,320,enterica,/projects/AusGEM/Users/Max/Manuscripts/UoW_Salmonella_all/output/UoW_Salmonella/shovill/final_assemblies/SG19_238_Sal.fasta,SG19_238_Sal,i,"1,2","1,4,[5],12",INFO: Number of cgMLST330 loci found (n=329),PASS,B,Typhimurium,Typhimurium|Lagos,Typhimurium
3665645211,0.024242424242424288,330,2014-SEQ-1386,322,enterica,/projects/AusGEM/Users/Max/Manuscripts/UoW_Salmonella_all/output/UoW_Salmonella/shovill/final_assemblies/Seagull_18_190_1_S42.fasta,Seagull_18_190_1_S42,i,"1,2","1,4,[5],12",INFO: Number of cgMLST330 loci found (n=330),PASS,B,Typhimurium,Typhimurium|Lagos,Typhimurium
2565973037,0.021212121212121238,330,2015-SEQ-0618,323,enterica,/projects/AusGEM/Users/Max/Manuscripts/UoW_Salmonella_all/output/UoW_Salmonella/shovill/final_assemblies/ISLHD_2018_3_S92.fasta,ISLHD_2018_3_S92,i,"1,2","1,4,[5],12",INFO: Number of cgMLST330 loci found (n=330),PASS,B,Typhimurium,Typhimurium|Lagos,Typhimurium
1901491431,0.030303030303030276,330,SRR3665065,320,enterica,/projects/AusGEM/Users/Max/Manuscripts/UoW_Salmonella_all/output/UoW_Salmonella/shovill/final_assemblies/SIML_2017_13.fasta,SIML_2017_13,"f,g,s",-,"1,4,[5],12",INFO: Number of cgMLST330 loci found (n=330),PASS,B,Agona,Derby|Agona|Essen|Budapest,Agona
,1.0,54,2014-LET-0131,0,,/projects/AusGEM/Users/Max/Manuscripts/UoW_Salmonella_all/output/UoW_Salmonella/shovill/final_assemblies/Seagull_18_94_S13.fasta,Seagull_18_94_S13,-,-,-,FAIL: Large number of cgMLST330 loci missing (n=276 > 30) | FAIL: Wzx/Wzy genes missing. Cannot determine O-antigen group/serogroup. Cannot accurately predict serovar from antigen genes. | INFO: Number of cgMLST330 loci found (n=54) | WARNING: H1 antigen gene (fliC) missing. Cannot determine H1 antigen. Cannot accurately predict serovar from antigen genes. | WARNING: Only matched 0 cgMLST330 loci. Min threshold for confident serovar prediction from cgMLST is 297.0,FAIL,-,-:-:-,-:-:-,Senftenberg
3665645211,0.024242424242424288,330,2014-SEQ-1386,322,enterica,/projects/AusGEM/Users/Max/Manuscripts/UoW_Salmonella_all/output/UoW_Salmonella/shovill/final_assemblies/Seagull_18_93_S12.fasta,Seagull_18_93_S12,i,"1,2","1,4,[5],12",INFO: Number of cgMLST330 loci found (n=330) | WARNING: Input genome size (9012114 bp) not within expected range of 4000000-6000000 (bp) for Salmonella,WARNING,B,Typhimurium,Typhimurium|Lagos,Typhimurium
3665645211,0.024242424242424288,330,2014-SEQ-1386,322,enterica,/projects/AusGEM/Users/Max/Manuscripts/UoW_Salmonella_all/output/UoW_Salmonella/shovill/final_assemblies/Seagull_18_220_S109.fasta,Seagull_18_220_S109,i,"1,2","1,4,[5],12",INFO: Number of cgMLST330 loci found (n=330),PASS,B,Typhimurium,Typhimurium|Lagos,Typhimurium
,1.0,3,2014-LET-0131,0,,/projects/AusGEM/Users/Max/Manuscripts/UoW_Salmonella_all/output/UoW_Salmonella/shovill/final_assemblies/Seagull_18_217_S52.fasta,Seagull_18_217_S52,-,-,-,FAIL: Large number of cgMLST330 loci missing (n=327 > 30) | FAIL: Wzx/Wzy genes missing. Cannot determine O-antigen group/serogroup. Cannot accurately predict serovar from antigen genes. | INFO: Number of cgMLST330 loci found (n=3) | WARNING: H1 antigen gene (fliC) missing. Cannot determine H1 antigen. Cannot accurately predict serovar from antigen genes. | WARNING: Input genome size (3807292 bp) not within expected range of 4000000-6000000 (bp) for Salmonella | WARNING: Only matched 0 cgMLST330 loci. Min threshold for confident serovar prediction from cgMLST is 297.0,FAIL,-,-:-:-,-:-:-,Senftenberg
3715797542,0.021212121212121238,330,2014-SEQ-1386,323,enterica,/projects/AusGEM/Users/Max/Manuscripts/UoW_Salmonella_all/output/UoW_Salmonella/shovill/final_assemblies/Seagull_18_206_S47.fasta,Seagull_18_206_S47,i,"1,2","1,4,[5],12",INFO: Number of cgMLST330 loci found (n=330),PASS,B,Typhimurium,Typhimurium|Lagos,Typhimurium
3148127685,0.021212121212121238,330,17-7531,323,enterica,/projects/AusGEM/Users/Max/Manuscripts/UoW_Salmonella_all/output/UoW_Salmonella/shovill/final_assemblies/SG19_397_Sal.fasta,SG19_397_Sal,"z4,z24",-,"8,20",INFO: Number of cgMLST330 loci found (n=330),PASS,C2-C3,Albany,Albany|Duesseldorf,Albany
,1.0,3,2014-LET-0131,0,,/projects/AusGEM/Users/Max/Manuscripts/UoW_Salmonella_all/output/UoW_Salmonella/shovill/final_assemblies/Seagull_18_216_S51.fasta,Seagull_18_216_S51,-,-,-,FAIL: Large number of cgMLST330 loci missing (n=327 > 30) | FAIL: Wzx/Wzy genes missing. Cannot determine O-antigen group/serogroup. Cannot accurately predict serovar from antigen genes. | INFO: Number of cgMLST330 loci found (n=3) | WARNING: H1 antigen gene (fliC) missing. Cannot determine H1 antigen. Cannot accurately predict serovar from antigen genes. | WARNING: Input genome size (3962095 bp) not within expected range of 4000000-6000000 (bp) for Salmonella | WARNING: Only matched 0 cgMLST330 loci. Min threshold for confident serovar prediction from cgMLST is 297.0,FAIL,-,-:-:-,-:-:-,Senftenberg
2474725198,0.033333333333333326,330,SRR926600,319,enterica,/projects/AusGEM/Users/Max/Manuscripts/UoW_Salmonella_all/output/UoW_Salmonella/shovill/final_assemblies/ISLHD_2018_16_S105.fasta,ISLHD_2018_16_S105,i,"1,2","1,4,[5],12",INFO: Number of cgMLST330 loci found (n=330),PASS,B,Typhimurium,Typhimurium|Lagos,Typhimurium
,1.0,3,2014-LET-0131,0,,/projects/AusGEM/Users/Max/Manuscripts/UoW_Salmonella_all/output/UoW_Salmonella/shovill/final_assemblies/Seagull_18_87_S7.fasta,Seagull_18_87_S7,-,-,-,FAIL: Large number of cgMLST330 loci missing (n=327 > 30) | FAIL: Wzx/Wzy genes missing. Cannot determine O-antigen group/serogroup. Cannot accurately predict serovar from antigen genes. | INFO: Number of cgMLST330 loci found (n=3) | WARNING: H1 antigen gene (fliC) missing. Cannot determine H1 antigen. Cannot accurately predict serovar from antigen genes. | WARNING: Input genome size (3730035 bp) not within expected range of 4000000-6000000 (bp) for Salmonella | WARNING: Only matched 0 cgMLST330 loci. Min threshold for confident serovar prediction from cgMLST is 297.0,FAIL,-,-:-:-,-:-:-,Senftenberg
3509955924,0.012121212121212088,330,ERR460151,326,enterica,/projects/AusGEM/Users/Max/Manuscripts/UoW_Salmonella_all/output/UoW_Salmonella/shovill/final_assemblies/ISLHD_2019_20.fasta,ISLHD_2019_20,b,"1,2","1,4,[5],12",INFO: Number of cgMLST330 loci found (n=330),PASS,B,Paratyphi B var. Java,Paratyphi B|Paratyphi B var. Java|Limete,Paratyphi B var. Java
389157013,0.036363636363636376,330,SRR3295766,318,enterica,/projects/AusGEM/Users/Max/Manuscripts/UoW_Salmonella_all/output/UoW_Salmonella/shovill/final_assemblies/ISLHD_2019_10.fasta,ISLHD_2019_10,"z4,z23","e,n,z15","6,8",INFO: Number of cgMLST330 loci found (n=330),PASS,C2-C3,Breda,Breda|Chailey,Breda
2007948452,0.027272727272727226,330,SRR3476812,321,enterica,/projects/AusGEM/Users/Max/Manuscripts/UoW_Salmonella_all/output/UoW_Salmonella/shovill/final_assemblies/SIML_2017_19.fasta,SIML_2017_19,i,"1,2","1,4,[5],12",INFO: Number of cgMLST330 loci found (n=330),PASS,B,Typhimurium,Typhimurium|Lagos,Typhimurium
194067108,0.024242424242424288,330,SRR3476812,322,enterica,/projects/AusGEM/Users/Max/Manuscripts/UoW_Salmonella_all/output/UoW_Salmonella/shovill/final_assemblies/SIML_2017_18.fasta,SIML_2017_18,i,"1,2","1,4,[5],12",INFO: Number of cgMLST330 loci found (n=330),PASS,B,Typhimurium,Typhimurium|Lagos,Typhimurium
,1.0,3,2014-LET-0131,0,,/projects/AusGEM/Users/Max/Manuscripts/UoW_Salmonella_all/output/UoW_Salmonella/shovill/final_assemblies/Seagull_18_118_S24.fasta,Seagull_18_118_S24,-,-,-,FAIL: Large number of cgMLST330 loci missing (n=327 > 30) | FAIL: Wzx/Wzy genes missing. Cannot determine O-antigen group/serogroup. Cannot accurately predict serovar from antigen genes. | INFO: Number of cgMLST330 loci found (n=3) | WARNING: H1 antigen gene (fliC) missing. Cannot determine H1 antigen. Cannot accurately predict serovar from antigen genes. | WARNING: Input genome size (3905133 bp) not within expected range of 4000000-6000000 (bp) for Salmonella | WARNING: Only matched 0 cgMLST330 loci. Min threshold for confident serovar prediction from cgMLST is 297.0,FAIL,-,-:-:-,-:-:-,Senftenberg
1843744529,0.030303030303030276,330,SRR3921644,320,enterica,/projects/AusGEM/Users/Max/Manuscripts/UoW_Salmonella_all/output/UoW_Salmonella/shovill/final_assemblies/ISLHD_2017_8_S79.fasta,ISLHD_2017_8_S79,"e,h","e,n,x","1,4,[5],12",INFO: Number of cgMLST330 loci found (n=330),PASS,B,Chester,Chester|Sandiego,Chester
1159303875,0.027272727272727226,330,SRR3321856,321,enterica,/projects/AusGEM/Users/Max/Manuscripts/UoW_Salmonella_all/output/UoW_Salmonella/shovill/final_assemblies/SIML_2019_08.fasta,SIML_2019_08,i,-,"1,4,[5],12",INFO: Number of cgMLST330 loci found (n=330),PASS,B,"I 1,4,[5],12:i:-","I 1,4,[5],12:i:-",Typhimurium
,0.9939393939393939,222,SRR5216170,2,,/projects/AusGEM/Users/Max/Manuscripts/UoW_Salmonella_all/output/UoW_Salmonella/shovill/final_assemblies/Seagull_18_127_S28.fasta,Seagull_18_127_S28,-,-,-,FAIL: Large number of cgMLST330 loci missing (n=108 > 30) | FAIL: Wzx/Wzy genes missing. Cannot determine O-antigen group/serogroup. Cannot accurately predict serovar from antigen genes. | INFO: Number of cgMLST330 loci found (n=222) | WARNING: H1 antigen gene (fliC) missing. Cannot determine H1 antigen. Cannot accurately predict serovar from antigen genes. | WARNING: Input genome size (9563285 bp) not within expected range of 4000000-6000000 (bp) for Salmonella | WARNING: Only matched 2 cgMLST330 loci. Min threshold for confident serovar prediction from cgMLST is 297.0,FAIL,-,-:-:-,-:-:-,Enteritidis
3665645211,0.024242424242424288,330,2014-SEQ-1386,322,enterica,/projects/AusGEM/Users/Max/Manuscripts/UoW_Salmonella_all/output/UoW_Salmonella/shovill/final_assemblies/Seagull_18_90_1_S9.fasta,Seagull_18_90_1_S9,i,"1,2","1,4,[5],12",INFO: Number of cgMLST330 loci found (n=330),PASS,B,Typhimurium,Typhimurium|Lagos,Typhimurium
,1.0,19,2014-LET-0131,0,,/projects/AusGEM/Users/Max/Manuscripts/UoW_Salmonella_all/output/UoW_Salmonella/shovill/final_assemblies/Seagull_18_258_S70.fasta,Seagull_18_258_S70,-,-,-,FAIL: Large number of cgMLST330 loci missing (n=311 > 30) | FAIL: Wzx/Wzy genes missing. Cannot determine O-antigen group/serogroup. Cannot accurately predict serovar from antigen genes. | INFO: Number of cgMLST330 loci found (n=19) | WARNING: H1 antigen gene (fliC) missing. Cannot determine H1 antigen. Cannot accurately predict serovar from antigen genes. | WARNING: Only matched 0 cgMLST330 loci. Min threshold for confident serovar prediction from cgMLST is 297.0,FAIL,-,-:-:-,-:-:-,Senftenberg
1465951163,0.030303030303030276,330,SRR3284831,320,enterica,/projects/AusGEM/Users/Max/Manuscripts/UoW_Salmonella_all/output/UoW_Salmonella/shovill/final_assemblies/SIML_2019_13.fasta,SIML_2019_13,i,-,"1,4,[5],12",INFO: Number of cgMLST330 loci found (n=330),PASS,B,"I 1,4,[5],12:i:-","I 1,4,[5],12:i:-",Typhimurium
,1.0,3,2014-LET-0131,0,,/projects/AusGEM/Users/Max/Manuscripts/UoW_Salmonella_all/output/UoW_Salmonella/shovill/final_assemblies/Seagull_18_238_S57.fasta,Seagull_18_238_S57,-,-,-,FAIL: Large number of cgMLST330 loci missing (n=327 > 30) | FAIL: Wzx/Wzy genes missing. Cannot determine O-antigen group/serogroup. Cannot accurately predict serovar from antigen genes. | INFO: Number of cgMLST330 loci found (n=3) | WARNING: H1 antigen gene (fliC) missing. Cannot determine H1 antigen. Cannot accurately predict serovar from antigen genes. | WARNING: Input genome size (3800181 bp) not within expected range of 4000000-6000000 (bp) for Salmonella | WARNING: Only matched 0 cgMLST330 loci. Min threshold for confident serovar prediction from cgMLST is 297.0,FAIL,-,-:-:-,-:-:-,Senftenberg
2558869119,0.033333333333333326,330,SRR2538034,319,enterica,/projects/AusGEM/Users/Max/Manuscripts/UoW_Salmonella_all/output/UoW_Salmonella/shovill/final_assemblies/SIML_2017_03.fasta,SIML_2017_03,i,"1,2","1,4,[5],12",INFO: Number of cgMLST330 loci found (n=330),PASS,B,Typhimurium,Typhimurium|Lagos,Typhimurium
1962423362,0.018181818181818188,330,ERR460151,324,enterica,/projects/AusGEM/Users/Max/Manuscripts/UoW_Salmonella_all/output/UoW_Salmonella/shovill/final_assemblies/ISLHD_2017_2_S116.fasta,ISLHD_2017_2_S116,b,"1,2","1,4,[5],12",INFO: Number of cgMLST330 loci found (n=330),PASS,B,Paratyphi B var. Java,Paratyphi B|Paratyphi B var. Java|Limete,Paratyphi B var. Java
3715797542,0.021212121212121238,330,2014-SEQ-1386,323,enterica,/projects/AusGEM/Users/Max/Manuscripts/UoW_Salmonella_all/output/UoW_Salmonella/shovill/final_assemblies/Seagull_18_240_1_S58.fasta,Seagull_18_240_1_S58,i,"1,2","1,4,[5],12",INFO: Number of cgMLST330 loci found (n=330),PASS,B,Typhimurium,Typhimurium|Lagos,Typhimurium
,1.0,3,2014-LET-0131,0,,/projects/AusGEM/Users/Max/Manuscripts/UoW_Salmonella_all/output/UoW_Salmonella/shovill/final_assemblies/Seagull_18_260_S72.fasta,Seagull_18_260_S72,-,-,-,FAIL: Large number of cgMLST330 loci missing (n=327 > 30) | FAIL: Wzx/Wzy genes missing. Cannot determine O-antigen group/serogroup. Cannot accurately predict serovar from antigen genes. | INFO: Number of cgMLST330 loci found (n=3) | WARNING: H1 antigen gene (fliC) missing. Cannot determine H1 antigen. Cannot accurately predict serovar from antigen genes. | WARNING: Only matched 0 cgMLST330 loci. Min threshold for confident serovar prediction from cgMLST is 297.0,FAIL,-,-:-:-,-:-:-,Senftenberg
2015198830,0.027272727272727226,330,SRR3286894,321,enterica,/projects/AusGEM/Users/Max/Manuscripts/UoW_Salmonella_all/output/UoW_Salmonella/shovill/final_assemblies/ISLHD_2019_14.fasta,ISLHD_2019_14,i,"1,2","1,4,[5],12",INFO: Number of cgMLST330 loci found (n=330),PASS,B,Typhimurium,Typhimurium|Lagos,Typhimurium
,0.00303030303030305,329,SRR3321812,329,diarizonae,/projects/AusGEM/Users/Max/Manuscripts/UoW_Salmonella_all/output/UoW_Salmonella/shovill/final_assemblies/SIML_2019_03.fasta,SIML_2019_03,k,z,50,INFO: Number of cgMLST330 loci found (n=329),PASS,Z,IIIb 50:k:z,IIIb 50:k:z,IIIb 50:k:z
881050502,0.015151515151515138,330,SRR1966389,325,enterica,/projects/AusGEM/Users/Max/Manuscripts/UoW_Salmonella_all/output/UoW_Salmonella/shovill/final_assemblies/SIML_2017_24.fasta,SIML_2017_24,"f,g",-,"6,7,14",INFO: Number of cgMLST330 loci found (n=330),PASS,C1,Rissen,Rissen,Rissen
1875490680,0.021212121212121238,330,2014-SEQ-1386,323,enterica,/projects/AusGEM/Users/Max/Manuscripts/UoW_Salmonella_all/output/UoW_Salmonella/shovill/final_assemblies/Seagull_18_172_S40.fasta,Seagull_18_172_S40,i,"1,2","1,4,[5],12",INFO: Number of cgMLST330 loci found (n=330),PASS,B,Typhimurium,Typhimurium|Lagos,Typhimurium
,1.0,3,2014-LET-0131,0,,/projects/AusGEM/Users/Max/Manuscripts/UoW_Salmonella_all/output/UoW_Salmonella/shovill/final_assemblies/Seagull_18_34_S2.fasta,Seagull_18_34_S2,-,-,-,FAIL: Large number of cgMLST330 loci missing (n=327 > 30) | FAIL: Wzx/Wzy genes missing. Cannot determine O-antigen group/serogroup. Cannot accurately predict serovar from antigen genes. | INFO: Number of cgMLST330 loci found (n=3) | WARNING: H1 antigen gene (fliC) missing. Cannot determine H1 antigen. Cannot accurately predict serovar from antigen genes. | WARNING: Input genome size (3957704 bp) not within expected range of 4000000-6000000 (bp) for Salmonella | WARNING: Only matched 0 cgMLST330 loci. Min threshold for confident serovar prediction from cgMLST is 297.0,FAIL,-,-:-:-,-:-:-,Senftenberg
3287357169,0.027272727272727226,330,SRR1966769,321,enterica,/projects/AusGEM/Users/Max/Manuscripts/UoW_Salmonella_all/output/UoW_Salmonella/shovill/final_assemblies/SIML_2019_15.fasta,SIML_2019_15,c,"1,6","6,7",INFO: Number of cgMLST330 loci found (n=330),PASS,C1,Birkenhead,Birkenhead|Brindisi,Birkenhead
2565973037,0.021212121212121238,330,2015-SEQ-0618,323,enterica,/projects/AusGEM/Users/Max/Manuscripts/UoW_Salmonella_all/output/UoW_Salmonella/shovill/final_assemblies/ISLHD_2017_11_S82.fasta,ISLHD_2017_11_S82,i,"1,2","1,4,[5],12",INFO: Number of cgMLST330 loci found (n=330),PASS,B,Typhimurium,Typhimurium|Lagos,Typhimurium
3618342476,0.021212121212121238,330,SRR1658078,323,enterica,/projects/AusGEM/Users/Max/Manuscripts/UoW_Salmonella_all/output/UoW_Salmonella/shovill/final_assemblies/ISLHD_2017_10_S81.fasta,ISLHD_2017_10_S81,z10,"e,n,z15","6,7,14",INFO: Number of cgMLST330 loci found (n=330),PASS,C1,Mbandaka,Djugu|Mbandaka|Telhashomer,Mbandaka
,1.0,3,2014-LET-0131,0,,/projects/AusGEM/Users/Max/Manuscripts/UoW_Salmonella_all/output/UoW_Salmonella/shovill/final_assemblies/Seagull_18_266_S74.fasta,Seagull_18_266_S74,-,-,-,FAIL: Large number of cgMLST330 loci missing (n=327 > 30) | FAIL: Wzx/Wzy genes missing. Cannot determine O-antigen group/serogroup. Cannot accurately predict serovar from antigen genes. | INFO: Number of cgMLST330 loci found (n=3) | WARNING: H1 antigen gene (fliC) missing. Cannot determine H1 antigen. Cannot accurately predict serovar from antigen genes. | WARNING: Only matched 0 cgMLST330 loci. Min threshold for confident serovar prediction from cgMLST is 297.0,FAIL,-,-:-:-,-:-:-,Senftenberg
2178223167,0.024242424242424288,330,2018-SEQ-0300,322,enterica,/projects/AusGEM/Users/Max/Manuscripts/UoW_Salmonella_all/output/UoW_Salmonella/shovill/final_assemblies/SIML_2019_04.fasta,SIML_2019_04,"g,m",-,"1,9,12",INFO: Number of cgMLST330 loci found (n=330),PASS,D1,Enteritidis,Nitra|Gallinarum|Pullorum|Berta|Enteritidis|Blegdam|Gueuletapee|Naestved|Rostock|Hillingdon,Enteritidis
,1.0,3,2014-LET-0131,0,,/projects/AusGEM/Users/Max/Manuscripts/UoW_Salmonella_all/output/UoW_Salmonella/shovill/final_assemblies/Seagull_18_70_S6.fasta,Seagull_18_70_S6,-,-,-,FAIL: Large number of cgMLST330 loci missing (n=327 > 30) | FAIL: Wzx/Wzy genes missing. Cannot determine O-antigen group/serogroup. Cannot accurately predict serovar from antigen genes. | INFO: Number of cgMLST330 loci found (n=3) | WARNING: H1 antigen gene (fliC) missing. Cannot determine H1 antigen. Cannot accurately predict serovar from antigen genes. | WARNING: Input genome size (3947711 bp) not within expected range of 4000000-6000000 (bp) for Salmonella | WARNING: Only matched 0 cgMLST330 loci. Min threshold for confident serovar prediction from cgMLST is 297.0,FAIL,-,-:-:-,-:-:-,Senftenberg
785047995,0.015151515151515138,330,2015-SEQ-0618,325,enterica,/projects/AusGEM/Users/Max/Manuscripts/UoW_Salmonella_all/output/UoW_Salmonella/shovill/final_assemblies/SG19_380_Sal.fasta,SG19_380_Sal,i,"1,2","1,4,[5],12",INFO: Number of cgMLST330 loci found (n=330),PASS,B,Typhimurium,Typhimurium|Lagos,Typhimurium
489897067,0.024242424242424288,330,SRR1967314,322,enterica,/projects/AusGEM/Users/Max/Manuscripts/UoW_Salmonella_all/output/UoW_Salmonella/shovill/final_assemblies/ISLHD_2019_13.fasta,ISLHD_2019_13,"f,g,s",-,"1,4,[5],12",INFO: Number of cgMLST330 loci found (n=330),PASS,B,Agona,Derby|Agona|Essen|Budapest,Agona
,1.0,3,2014-LET-0131,0,,/projects/AusGEM/Users/Max/Manuscripts/UoW_Salmonella_all/output/UoW_Salmonella/shovill/final_assemblies/Seagull_18_183_S41.fasta,Seagull_18_183_S41,-,-,-,FAIL: Large number of cgMLST330 loci missing (n=327 > 30) | FAIL: Wzx/Wzy genes missing. Cannot determine O-antigen group/serogroup. Cannot accurately predict serovar from antigen genes. | INFO: Number of cgMLST330 loci found (n=3) | WARNING: H1 antigen gene (fliC) missing. Cannot determine H1 antigen. Cannot accurately predict serovar from antigen genes. | WARNING: Only matched 0 cgMLST330 loci. Min threshold for confident serovar prediction from cgMLST is 297.0,FAIL,-,-:-:-,-:-:-,Senftenberg
3090923731,0.051515151515151514,330,SRR1966769,313,enterica,/projects/AusGEM/Users/Max/Manuscripts/UoW_Salmonella_all/output/UoW_Salmonella/shovill/final_assemblies/ISLHD_2019_23.fasta,ISLHD_2019_23,c,"1,6","6,7",INFO: Number of cgMLST330 loci found (n=330),PASS,C1,Birkenhead,Birkenhead|Brindisi,Birkenhead
3715797542,0.021212121212121238,330,2014-SEQ-1386,323,enterica,/projects/AusGEM/Users/Max/Manuscripts/UoW_Salmonella_all/output/UoW_Salmonella/shovill/final_assemblies/Seagull_18_117_3_S23.fasta,Seagull_18_117_3_S23,i,"1,2","1,4,[5],12",INFO: Number of cgMLST330 loci found (n=330),PASS,B,Typhimurium,Typhimurium|Lagos,Typhimurium
,1.0,53,2014-LET-0131,0,,/projects/AusGEM/Users/Max/Manuscripts/UoW_Salmonella_all/output/UoW_Salmonella/shovill/final_assemblies/Seagull_18_156_S35.fasta,Seagull_18_156_S35,-,-,-,FAIL: Large number of cgMLST330 loci missing (n=277 > 30) | FAIL: Wzx/Wzy genes missing. Cannot determine O-antigen group/serogroup. Cannot accurately predict serovar from antigen genes. | INFO: Number of cgMLST330 loci found (n=53) | WARNING: H1 antigen gene (fliC) missing. Cannot determine H1 antigen. Cannot accurately predict serovar from antigen genes. | WARNING: Only matched 0 cgMLST330 loci. Min threshold for confident serovar prediction from cgMLST is 297.0,FAIL,-,-:-:-,-:-:-,Senftenberg
1980671024,0.027272727272727226,330,SRR3665065,321,enterica,/projects/AusGEM/Users/Max/Manuscripts/UoW_Salmonella_all/output/UoW_Salmonella/shovill/final_assemblies/SG19_298_Sal.fasta,SG19_298_Sal,"f,g,s",-,"1,4,[5],12",INFO: Number of cgMLST330 loci found (n=330),PASS,B,Agona,Derby|Agona|Essen|Budapest,Agona
3715797542,0.021212121212121238,330,2014-SEQ-1386,323,enterica,/projects/AusGEM/Users/Max/Manuscripts/UoW_Salmonella_all/output/UoW_Salmonella/shovill/final_assemblies/Seagull_18_117_2_S22.fasta,Seagull_18_117_2_S22,i,"1,2","1,4,[5],12",INFO: Number of cgMLST330 loci found (n=330),PASS,B,Typhimurium,Typhimurium|Lagos,Typhimurium
3846783553,0.015151515151515138,330,SRR3933145,325,enterica,/projects/AusGEM/Users/Max/Manuscripts/UoW_Salmonella_all/output/UoW_Salmonella/shovill/final_assemblies/Seagull_18_96_1_S14.fasta,Seagull_18_96_1_S14,"e,h","1,6","3,{10}{15}{15,34}",INFO: Number of cgMLST330 loci found (n=330),PASS,E1,Anatum,Anatum|Hayindogo,Anatum
1081209132,0.030303030303030276,330,SRR1966769,320,enterica,/projects/AusGEM/Users/Max/Manuscripts/UoW_Salmonella_all/output/UoW_Salmonella/shovill/final_assemblies/ISLHD_2017_5_S77.fasta,ISLHD_2017_5_S77,c,"1,6","6,7",INFO: Number of cgMLST330 loci found (n=330),PASS,C1,Birkenhead,Birkenhead|Brindisi,Birkenhead
2990765584,0.024242424242424288,330,SRR1965451,322,enterica,/projects/AusGEM/Users/Max/Manuscripts/UoW_Salmonella_all/output/UoW_Salmonella/shovill/final_assemblies/SIML_2019_11.fasta,SIML_2019_11,i,"1,2","1,4,[5],12",INFO: Number of cgMLST330 loci found (n=330),PASS,B,Typhimurium,Typhimurium|Lagos,Typhimurium
3907777469,0.039393939393939426,330,SRR3476618,317,enterica,/projects/AusGEM/Users/Max/Manuscripts/UoW_Salmonella_all/output/UoW_Salmonella/shovill/final_assemblies/SIML_2017_04.fasta,SIML_2017_04,"e,h","1,2","1,4,[5],12",INFO: Number of cgMLST330 loci found (n=330),PASS,B,Saintpaul,Saintpaul|Reading,Saintpaul
3375958998,0.021212121212121238,330,SRR1958160,323,enterica,/projects/AusGEM/Users/Max/Manuscripts/UoW_Salmonella_all/output/UoW_Salmonella/shovill/final_assemblies/SG19_327_Sal.fasta,SG19_327_Sal,z10,"e,n,z15","6,7,14",INFO: Number of cgMLST330 loci found (n=330),PASS,C1,Mbandaka,Djugu|Mbandaka|Telhashomer,Mbandaka
,0.9939393939393939,233,SRR5216170,2,,/projects/AusGEM/Users/Max/Manuscripts/UoW_Salmonella_all/output/UoW_Salmonella/shovill/final_assemblies/Seagull_18_138_2_S33.fasta,Seagull_18_138_2_S33,-,-,-,FAIL: Large number of cgMLST330 loci missing (n=97 > 30) | FAIL: Wzx/Wzy genes missing. Cannot determine O-antigen group/serogroup. Cannot accurately predict serovar from antigen genes. | INFO: Number of cgMLST330 loci found (n=233) | WARNING: H1 antigen gene (fliC) missing. Cannot determine H1 antigen. Cannot accurately predict serovar from antigen genes. | WARNING: Only matched 2 cgMLST330 loci. Min threshold for confident serovar prediction from cgMLST is 297.0,FAIL,-,-:-:-,-:-:-,Enteritidis
1241993984,0.039393939393939426,330,SRR1966769,317,enterica,/projects/AusGEM/Users/Max/Manuscripts/UoW_Salmonella_all/output/UoW_Salmonella/shovill/final_assemblies/ISLHD_2018_14_S103.fasta,ISLHD_2018_14_S103,c,"1,6","6,7",INFO: Number of cgMLST330 loci found (n=330),PASS,C1,Birkenhead,Birkenhead|Brindisi,Birkenhead
,1.0,3,2014-LET-0131,0,,/projects/AusGEM/Users/Max/Manuscripts/UoW_Salmonella_all/output/UoW_Salmonella/shovill/final_assemblies/Seagull_18_241_S111.fasta,Seagull_18_241_S111,-,-,-,FAIL: Large number of cgMLST330 loci missing (n=327 > 30) | FAIL: Wzx/Wzy genes missing. Cannot determine O-antigen group/serogroup. Cannot accurately predict serovar from antigen genes. | INFO: Number of cgMLST330 loci found (n=3) | WARNING: H1 antigen gene (fliC) missing. Cannot determine H1 antigen. Cannot accurately predict serovar from antigen genes. | WARNING: Only matched 0 cgMLST330 loci. Min threshold for confident serovar prediction from cgMLST is 297.0,FAIL,-,-:-:-,-:-:-,Senftenberg
,1.0,3,2014-LET-0131,0,,/projects/AusGEM/Users/Max/Manuscripts/UoW_Salmonella_all/output/UoW_Salmonella/shovill/final_assemblies/Seagull_18_166_S39.fasta,Seagull_18_166_S39,-,-,-,FAIL: Large number of cgMLST330 loci missing (n=327 > 30) | FAIL: Wzx/Wzy genes missing. Cannot determine O-antigen group/serogroup. Cannot accurately predict serovar from antigen genes. | INFO: Number of cgMLST330 loci found (n=3) | WARNING: H1 antigen gene (fliC) missing. Cannot determine H1 antigen. Cannot accurately predict serovar from antigen genes. | WARNING: Only matched 0 cgMLST330 loci. Min threshold for confident serovar prediction from cgMLST is 297.0,FAIL,-,-:-:-,-:-:-,Senftenberg
3665645211,0.024242424242424288,330,2014-SEQ-1386,322,enterica,/projects/AusGEM/Users/Max/Manuscripts/UoW_Salmonella_all/output/UoW_Salmonella/shovill/final_assemblies/Seagull_18_163_1_S37.fasta,Seagull_18_163_1_S37,i,"1,2","1,4,[5],12",INFO: Number of cgMLST330 loci found (n=330),PASS,B,Typhimurium,Typhimurium|Lagos,Typhimurium
1701340523,0.024242424242424288,330,2016-SEQ-0346,322,enterica,/projects/AusGEM/Users/Max/Manuscripts/UoW_Salmonella_all/output/UoW_Salmonella/shovill/final_assemblies/SIML_2017_07.fasta,SIML_2017_07,"g,m",-,"1,9,12",INFO: Number of cgMLST330 loci found (n=330),PASS,D1,Enteritidis,Nitra|Gallinarum|Pullorum|Berta|Enteritidis|Blegdam|Gueuletapee|Naestved|Rostock|Hillingdon,Enteritidis
1862772896,0.030303030303030276,330,SRR3049386,320,enterica,/projects/AusGEM/Users/Max/Manuscripts/UoW_Salmonella_all/output/UoW_Salmonella/shovill/final_assemblies/ISLHD_2019_16.fasta,ISLHD_2019_16,"z4,z23",-,"1,9,12",INFO: Number of cgMLST330 loci found (n=330),PASS,D1,Wangata,Wangata|Ekotedo,Wangata
,0.09393939393939399,314,SRR1966725,299,enterica,/projects/AusGEM/Users/Max/Manuscripts/UoW_Salmonella_all/output/UoW_Salmonella/shovill/final_assemblies/ISLHD_2019_26.fasta,ISLHD_2019_26,"g,m",-,"1,9,12",FAIL: Moderate number of cgMLST330 loci missing (n=16 > 10) | INFO: Number of cgMLST330 loci found (n=314),WARNING,D1,Enteritidis,Nitra|Gallinarum|Pullorum|Berta|Enteritidis|Blegdam|Gueuletapee|Naestved|Rostock|Hillingdon,Enteritidis
,1.0,3,2014-LET-0131,0,,/projects/AusGEM/Users/Max/Manuscripts/UoW_Salmonella_all/output/UoW_Salmonella/shovill/final_assemblies/Seagull_18_235_S56.fasta,Seagull_18_235_S56,-,-,-,FAIL: Large number of cgMLST330 loci missing (n=327 > 30) | FAIL: Wzx/Wzy genes missing. Cannot determine O-antigen group/serogroup. Cannot accurately predict serovar from antigen genes. | INFO: Number of cgMLST330 loci found (n=3) | WARNING: H1 antigen gene (fliC) missing. Cannot determine H1 antigen. Cannot accurately predict serovar from antigen genes. | WARNING: Input genome size (3817742 bp) not within expected range of 4000000-6000000 (bp) for Salmonella | WARNING: Only matched 0 cgMLST330 loci. Min threshold for confident serovar prediction from cgMLST is 297.0,FAIL,-,-:-:-,-:-:-,Senftenberg
876405562,0.024242424242424288,330,SRR1106482,322,enterica,/projects/AusGEM/Users/Max/Manuscripts/UoW_Salmonella_all/output/UoW_Salmonella/shovill/final_assemblies/ISLHD_2019_04.fasta,ISLHD_2019_04,r,"1,5","6,7,14",INFO: Number of cgMLST330 loci found (n=330),PASS,C1,Infantis,Virchow|Infantis|Senegal,Infantis
1875490680,0.021212121212121238,330,2014-SEQ-1386,323,enterica,/projects/AusGEM/Users/Max/Manuscripts/UoW_Salmonella_all/output/UoW_Salmonella/shovill/final_assemblies/Seagull_18_165_S107.fasta,Seagull_18_165_S107,i,"1,2","1,4,[5],12",INFO: Number of cgMLST330 loci found (n=330),PASS,B,Typhimurium,Typhimurium|Lagos,Typhimurium
2682051899,0.033333333333333326,330,SRR3606589,319,enterica,/projects/AusGEM/Users/Max/Manuscripts/UoW_Salmonella_all/output/UoW_Salmonella/shovill/final_assemblies/W_1_D11.fasta,W_1_D11,"f,g,s",-,"1,4,[5],12",INFO: Number of cgMLST330 loci found (n=330),PASS,B,Agona,Derby|Agona|Essen|Budapest,Agona
949642233,0.024242424242424288,330,SRR3322201,322,enterica,/projects/AusGEM/Users/Max/Manuscripts/UoW_Salmonella_all/output/UoW_Salmonella/shovill/final_assemblies/SIML_2017_11.fasta,SIML_2017_11,"g,[s],t",-,"1,3,19",INFO: Number of cgMLST330 loci found (n=330),PASS,E4,Senftenberg,Senftenberg,Senftenberg
,1.0,49,2014-LET-0131,0,,/projects/AusGEM/Users/Max/Manuscripts/UoW_Salmonella_all/output/UoW_Salmonella/shovill/final_assemblies/Seagull_18_208_S48.fasta,Seagull_18_208_S48,-,-,-,FAIL: Large number of cgMLST330 loci missing (n=281 > 30) | FAIL: Wzx/Wzy genes missing. Cannot determine O-antigen group/serogroup. Cannot accurately predict serovar from antigen genes. | INFO: Number of cgMLST330 loci found (n=49) | WARNING: H1 antigen gene (fliC) missing. Cannot determine H1 antigen. Cannot accurately predict serovar from antigen genes. | WARNING: Only matched 0 cgMLST330 loci. Min threshold for confident serovar prediction from cgMLST is 297.0,FAIL,-,-:-:-,-:-:-,Senftenberg
3689073533,0.036363636363636376,330,SRR1966667,318,enterica,/projects/AusGEM/Users/Max/Manuscripts/UoW_Salmonella_all/output/UoW_Salmonella/shovill/final_assemblies/SIML_2017_05.fasta,SIML_2017_05,i,-,"1,4,[5],12",INFO: Number of cgMLST330 loci found (n=330),PASS,B,"I 1,4,[5],12:i:-","I 1,4,[5],12:i:-",Typhimurium
,1.0,3,2014-LET-0131,0,,/projects/AusGEM/Users/Max/Manuscripts/UoW_Salmonella_all/output/UoW_Salmonella/shovill/final_assemblies/Seagull_18_248_S64.fasta,Seagull_18_248_S64,-,-,-,FAIL: Large number of cgMLST330 loci missing (n=327 > 30) | FAIL: Wzx/Wzy genes missing. Cannot determine O-antigen group/serogroup. Cannot accurately predict serovar from antigen genes. | INFO: Number of cgMLST330 loci found (n=3) | WARNING: H1 antigen gene (fliC) missing. Cannot determine H1 antigen. Cannot accurately predict serovar from antigen genes. | WARNING: Only matched 0 cgMLST330 loci. Min threshold for confident serovar prediction from cgMLST is 297.0,FAIL,-,-:-:-,-:-:-,Senftenberg
2673249022,0.027272727272727226,330,ERR230466,321,enterica,/projects/AusGEM/Users/Max/Manuscripts/UoW_Salmonella_all/output/UoW_Salmonella/shovill/final_assemblies/SIML_2017_23.fasta,SIML_2017_23,i,"1,2","1,4,[5],12",INFO: Number of cgMLST330 loci found (n=330),PASS,B,Typhimurium,Typhimurium|Lagos,Typhimurium
,1.0,23,2014-LET-0131,0,,/projects/AusGEM/Users/Max/Manuscripts/UoW_Salmonella_all/output/UoW_Salmonella/shovill/final_assemblies/Seagull_18_252_S67.fasta,Seagull_18_252_S67,-,-,-,FAIL: Large number of cgMLST330 loci missing (n=307 > 30) | FAIL: Wzx/Wzy genes missing. Cannot determine O-antigen group/serogroup. Cannot accurately predict serovar from antigen genes. | INFO: Number of cgMLST330 loci found (n=23) | WARNING: H1 antigen gene (fliC) missing. Cannot determine H1 antigen. Cannot accurately predict serovar from antigen genes. | WARNING: Only matched 0 cgMLST330 loci. Min threshold for confident serovar prediction from cgMLST is 297.0,FAIL,-,-:-:-,-:-:-,Senftenberg
2081592230,0.024242424242424288,330,2018-SEQ-0300,322,enterica,/projects/AusGEM/Users/Max/Manuscripts/UoW_Salmonella_all/output/UoW_Salmonella/shovill/final_assemblies/SIML_2019_12.fasta,SIML_2019_12,"g,m",-,"1,9,12",INFO: Number of cgMLST330 loci found (n=330),PASS,D1,Enteritidis,Nitra|Gallinarum|Pullorum|Berta|Enteritidis|Blegdam|Gueuletapee|Naestved|Rostock|Hillingdon,Enteritidis
,0.033333333333333326,329,17-9337,319,enterica,/projects/AusGEM/Users/Max/Manuscripts/UoW_Salmonella_all/output/UoW_Salmonella/shovill/final_assemblies/SG19_182_Sal.fasta,SG19_182_Sal,"l,v","1,2","6,8",INFO: Number of cgMLST330 loci found (n=329),PASS,C2-C3,Litchfield,Litchfield|Pakistan|Loanda|Fayed|Hiduddify,Litchfield
2616885242,0.021212121212121238,330,SRR2751906,323,enterica,/projects/AusGEM/Users/Max/Manuscripts/UoW_Salmonella_all/output/UoW_Salmonella/shovill/final_assemblies/ISLHD_2019_24.fasta,ISLHD_2019_24,y,"1,5","6,7,14",INFO: Number of cgMLST330 loci found (n=330),PASS,C1,Bareilly,Richmond|Bareilly|Solt,Bareilly
3602400081,0.033333333333333326,330,SRR4124052,319,enterica,/projects/AusGEM/Users/Max/Manuscripts/UoW_Salmonella_all/output/UoW_Salmonella/shovill/final_assemblies/ISLHD_2019_28.fasta,ISLHD_2019_28,i,-,"1,4,[5],12",INFO: Number of cgMLST330 loci found (n=330),PASS,B,"I 1,4,[5],12:i:-","I 1,4,[5],12:i:-",Typhimurium
2714016063,0.045454545454545414,330,SRR5045375,315,enterica,/projects/AusGEM/Users/Max/Manuscripts/UoW_Salmonella_all/output/UoW_Salmonella/shovill/final_assemblies/W_1_G11.fasta,W_1_G11,d,"1,2","6,8",INFO: Number of cgMLST330 loci found (n=330),PASS,C2-C3,Muenchen,Muenchen|Virginia|Manhattan|Yovokome,Muenchen
2919381592,0.030303030303030276,330,SRR1966769,320,enterica,/projects/AusGEM/Users/Max/Manuscripts/UoW_Salmonella_all/output/UoW_Salmonella/shovill/final_assemblies/ISLHD_2017_17_S88.fasta,ISLHD_2017_17_S88,c,"1,6","6,7",INFO: Number of cgMLST330 loci found (n=330),PASS,C1,Birkenhead,Birkenhead|Brindisi,Birkenhead
,1.0,4,2014-LET-0131,0,,/projects/AusGEM/Users/Max/Manuscripts/UoW_Salmonella_all/output/UoW_Salmonella/shovill/final_assemblies/Seagull_18_267_S75.fasta,Seagull_18_267_S75,-,-,-,FAIL: Large number of cgMLST330 loci missing (n=326 > 30) | FAIL: Wzx/Wzy genes missing. Cannot determine O-antigen group/serogroup. Cannot accurately predict serovar from antigen genes. | INFO: Number of cgMLST330 loci found (n=4) | WARNING: H1 antigen gene (fliC) missing. Cannot determine H1 antigen. Cannot accurately predict serovar from antigen genes. | WARNING: Only matched 0 cgMLST330 loci. Min threshold for confident serovar prediction from cgMLST is 297.0,FAIL,-,-:-:-,-:-:-,Senftenberg
1925285220,0.045454545454545414,330,SRR1967384,315,enterica,/projects/AusGEM/Users/Max/Manuscripts/UoW_Salmonella_all/output/UoW_Salmonella/shovill/final_assemblies/ISLHD_2019_08.fasta,ISLHD_2019_08,"e,h","1,2","1,4,[5],12",INFO: Number of cgMLST330 loci found (n=330),PASS,B,Saintpaul,Saintpaul|Reading,Saintpaul
684890568,0.024242424242424288,330,SRR3286894,322,enterica,/projects/AusGEM/Users/Max/Manuscripts/UoW_Salmonella_all/output/UoW_Salmonella/shovill/final_assemblies/ISLHD_2019_06.fasta,ISLHD_2019_06,i,"1,2","1,4,[5],12",INFO: Number of cgMLST330 loci found (n=330),PASS,B,Typhimurium,Typhimurium|Lagos,Typhimurium
1414620133,0.033333333333333326,330,SRR2538034,319,enterica,/projects/AusGEM/Users/Max/Manuscripts/UoW_Salmonella_all/output/UoW_Salmonella/shovill/final_assemblies/ISLHD_2018_1_S90.fasta,ISLHD_2018_1_S90,i,"1,2","1,4,[5],12",INFO: Number of cgMLST330 loci found (n=330),PASS,B,Typhimurium,Typhimurium|Lagos,Typhimurium
,1.0,49,2014-LET-0131,0,,/projects/AusGEM/Users/Max/Manuscripts/UoW_Salmonella_all/output/UoW_Salmonella/shovill/final_assemblies/Seagull_18_136_S31.fasta,Seagull_18_136_S31,-,-,-,FAIL: Large number of cgMLST330 loci missing (n=281 > 30) | FAIL: Wzx/Wzy genes missing. Cannot determine O-antigen group/serogroup. Cannot accurately predict serovar from antigen genes. | INFO: Number of cgMLST330 loci found (n=49) | WARNING: H1 antigen gene (fliC) missing. Cannot determine H1 antigen. Cannot accurately predict serovar from antigen genes. | WARNING: Only matched 0 cgMLST330 loci. Min threshold for confident serovar prediction from cgMLST is 297.0,FAIL,-,-:-:-,-:-:-,Senftenberg
